tourney,Division,Round,Team1,Team2,T1P1,T1P2,T2P1,T2P2,t1score,t2score
2021chicago,Premier,Pool,Double Clutch,GLITCH,NA,NA,NA,NA,21,14
2021chicago,Premier,Pool,Double Clutch,GLITCH,NA,NA,NA,NA,21,7
2021chicago,Premier,Pool,Grassy,Big Booty Bumpers,NA,NA,NA,NA,17,21
2021chicago,Premier,Pool,Grassy,Big Booty Bumpers,NA,NA,NA,NA,21,11
2021chicago,Premier,Pool,Grassy,Big Booty Bumpers,NA,NA,NA,NA,21,15
2021chicago,Premier,Pool,Curtain call center,Synthetic,NA,NA,NA,NA,21,10
2021chicago,Premier,Pool,Curtain call center,Synthetic,NA,NA,NA,NA,21,19
2021chicago,Premier,Pool,Tiki Taka,Clubspike Insurgence,NA,NA,NA,NA,16,21
2021chicago,Premier,Pool,Tiki Taka,Clubspike Insurgence,NA,NA,NA,NA,21,16
2021chicago,Premier,Pool,Tiki Taka,Clubspike Insurgence,NA,NA,NA,NA,21,14
2021chicago,Premier,Pool,Sloppy Seconds,Snaxx in my bag,NA,NA,NA,NA,21,15
2021chicago,Premier,Pool,Sloppy Seconds,Snaxx in my bag,NA,NA,NA,NA,21,14
2021chicago,Premier,Pool,Lowkey,Bavarian Jersey,NA,NA,NA,NA,21,17
2021chicago,Premier,Pool,Lowkey,Bavarian Jersey,NA,NA,NA,NA,21,16
2021chicago,Premier,Pool,Trippy Lizard,Short Cakes,NA,NA,NA,NA,19,21
2021chicago,Premier,Pool,Trippy Lizard,Short Cakes,NA,NA,NA,NA,21,18
2021chicago,Premier,Pool,Trippy Lizard,Short Cakes,NA,NA,NA,NA,23,25
2021chicago,Premier,Pool,Dewey Disciples,Hsuper Powers,NA,NA,NA,NA,21,12
2021chicago,Premier,Pool,Dewey Disciples,Hsuper Powers,NA,NA,NA,NA,21,19
2021chicago,Premier,Pool,Graham/Showalter,WySlammo Zeroes,NA,NA,NA,NA,21,13
2021chicago,Premier,Pool,Graham/Showalter,WySlammo Zeroes,NA,NA,NA,NA,21,15
2021chicago,Premier,Pool,Ritto Boys,Highkey,NA,NA,NA,NA,21,17
2021chicago,Premier,Pool,Ritto Boys,Highkey,NA,NA,NA,NA,21,18
2021chicago,Premier,Pool,Ghoul-Aid (Revenge Tour),Runnerís Up,NA,NA,NA,NA,21,16
2021chicago,Premier,Pool,Ghoul-Aid (Revenge Tour),Runnerís Up,NA,NA,NA,NA,23,21
2021chicago,Premier,Pool,Outside Smoke,ClubSpike Spidey Senses,NA,NA,NA,NA,19,21
2021chicago,Premier,Pool,Outside Smoke,ClubSpike Spidey Senses,NA,NA,NA,NA,21,12
2021chicago,Premier,Pool,Outside Smoke,ClubSpike Spidey Senses,NA,NA,NA,NA,21,11
2021chicago,Premier,Pool,Double Clutch,Big Booty Bumpers,NA,NA,NA,NA,21,12
2021chicago,Premier,Pool,Double Clutch,Big Booty Bumpers,NA,NA,NA,NA,21,18
2021chicago,Premier,Pool,Trash Pandas,GLITCH,NA,NA,NA,NA,18,21
2021chicago,Premier,Pool,Trash Pandas,GLITCH,NA,NA,NA,NA,21,19
2021chicago,Premier,Pool,Trash Pandas,GLITCH,NA,NA,NA,NA,21,15
2021chicago,Premier,Pool,Curtain call center,Clubspike Insurgence,NA,NA,NA,NA,24,22
2021chicago,Premier,Pool,Curtain call center,Clubspike Insurgence,NA,NA,NA,NA,22,20
2021chicago,Premier,Pool,Smash Bros,Synthetic,NA,NA,NA,NA,21,16
2021chicago,Premier,Pool,Smash Bros,Synthetic,NA,NA,NA,NA,21,15
2021chicago,Premier,Pool,Sloppy Seconds,Bavarian Jersey,NA,NA,NA,NA,21,15
2021chicago,Premier,Pool,Sloppy Seconds,Bavarian Jersey,NA,NA,NA,NA,21,15
2021chicago,Premier,Pool,Chowey,Snaxx in my bag,NA,NA,NA,NA,17,21
2021chicago,Premier,Pool,Chowey,Snaxx in my bag,NA,NA,NA,NA,14,21
2021chicago,Premier,Pool,Trippy Lizard,Hsuper Powers,NA,NA,NA,NA,21,14
2021chicago,Premier,Pool,Trippy Lizard,Hsuper Powers,NA,NA,NA,NA,24,26
2021chicago,Premier,Pool,Trippy Lizard,Hsuper Powers,NA,NA,NA,NA,21,14
2021chicago,Premier,Pool,Dewey Disciples,Short Cakes,NA,NA,NA,NA,21,16
2021chicago,Premier,Pool,Dewey Disciples,Short Cakes,NA,NA,NA,NA,25,23
2021chicago,Premier,Pool,Graham/Showalter,Highkey,NA,NA,NA,NA,22,24
2021chicago,Premier,Pool,Graham/Showalter,Highkey,NA,NA,NA,NA,21,7
2021chicago,Premier,Pool,Graham/Showalter,Highkey,NA,NA,NA,NA,23,21
2021chicago,Premier,Pool,Ritto Boys,WySlammo Zeroes,NA,NA,NA,NA,21,11
2021chicago,Premier,Pool,Ritto Boys,WySlammo Zeroes,NA,NA,NA,NA,21,8
2021chicago,Premier,Pool,Ghoul-Aid (Revenge Tour),ClubSpike Spidey Senses,NA,NA,NA,NA,21,18
2021chicago,Premier,Pool,Ghoul-Aid (Revenge Tour),ClubSpike Spidey Senses,NA,NA,NA,NA,19,21
2021chicago,Premier,Pool,Ghoul-Aid (Revenge Tour),ClubSpike Spidey Senses,NA,NA,NA,NA,23,21
2021chicago,Premier,Pool,Outside Smoke,Runnerís Up,NA,NA,NA,NA,21,19
2021chicago,Premier,Pool,Outside Smoke,Runnerís Up,NA,NA,NA,NA,21,14
2021chicago,Premier,Pool,Double Clutch,Trash Pandas,NA,NA,NA,NA,21,9
2021chicago,Premier,Pool,Double Clutch,Trash Pandas,NA,NA,NA,NA,21,10
2021chicago,Premier,Pool,Grassy,GLITCH,NA,NA,NA,NA,21,19
2021chicago,Premier,Pool,Grassy,GLITCH,NA,NA,NA,NA,19,21
2021chicago,Premier,Pool,Grassy,GLITCH,NA,NA,NA,NA,21,18
2021chicago,Premier,Pool,Curtain call center,Smash Bros,NA,NA,NA,NA,21,13
2021chicago,Premier,Pool,Curtain call center,Smash Bros,NA,NA,NA,NA,21,19
2021chicago,Premier,Pool,Tiki Taka,Synthetic,NA,NA,NA,NA,21,18
2021chicago,Premier,Pool,Tiki Taka,Synthetic,NA,NA,NA,NA,21,17
2021chicago,Premier,Pool,Sloppy Seconds,Chowey,NA,NA,NA,NA,21,14
2021chicago,Premier,Pool,Sloppy Seconds,Chowey,NA,NA,NA,NA,21,19
2021chicago,Premier,Pool,Lowkey,Snaxx in my bag,NA,NA,NA,NA,21,19
2021chicago,Premier,Pool,Lowkey,Snaxx in my bag,NA,NA,NA,NA,21,19
2021chicago,Premier,Pool,Trippy Lizard,Dewey Disciples,NA,NA,NA,NA,18,21
2021chicago,Premier,Pool,Trippy Lizard,Dewey Disciples,NA,NA,NA,NA,21,18
2021chicago,Premier,Pool,Trippy Lizard,Dewey Disciples,NA,NA,NA,NA,24,26
2021chicago,Premier,Pool,Hsuper Powers,Short Cakes,NA,NA,NA,NA,21,18
2021chicago,Premier,Pool,Hsuper Powers,Short Cakes,NA,NA,NA,NA,13,21
2021chicago,Premier,Pool,Hsuper Powers,Short Cakes,NA,NA,NA,NA,21,11
2021chicago,Premier,Pool,Graham/Showalter,Ritto Boys,NA,NA,NA,NA,16,21
2021chicago,Premier,Pool,Graham/Showalter,Ritto Boys,NA,NA,NA,NA,15,21
2021chicago,Premier,Pool,Highkey,WySlammo Zeroes,NA,NA,NA,NA,21,16
2021chicago,Premier,Pool,Highkey,WySlammo Zeroes,NA,NA,NA,NA,25,23
2021chicago,Premier,Pool,Ghoul-Aid (Revenge Tour),Outside Smoke,NA,NA,NA,NA,21,18
2021chicago,Premier,Pool,Ghoul-Aid (Revenge Tour),Outside Smoke,NA,NA,NA,NA,21,16
2021chicago,Premier,Pool,ClubSpike Spidey Senses,Runnerís Up,NA,NA,NA,NA,16,21
2021chicago,Premier,Pool,ClubSpike Spidey Senses,Runnerís Up,NA,NA,NA,NA,21,15
2021chicago,Premier,Pool,ClubSpike Spidey Senses,Runnerís Up,NA,NA,NA,NA,21,19
2021chicago,Premier,Pool,Grassy,Trash Pandas,NA,NA,NA,NA,21,15
2021chicago,Premier,Pool,Grassy,Trash Pandas,NA,NA,NA,NA,21,18
2021chicago,Premier,Pool,Big Booty Bumpers,GLITCH,NA,NA,NA,NA,21,18
2021chicago,Premier,Pool,Big Booty Bumpers,GLITCH,NA,NA,NA,NA,25,24
2021chicago,Premier,Pool,Tiki Taka,Smash Bros,NA,NA,NA,NA,21,19
2021chicago,Premier,Pool,Tiki Taka,Smash Bros,NA,NA,NA,NA,20,22
2021chicago,Premier,Pool,Tiki Taka,Smash Bros,NA,NA,NA,NA,21,16
2021chicago,Premier,Pool,Clubspike Insurgence,Synthetic,NA,NA,NA,NA,21,17
2021chicago,Premier,Pool,Clubspike Insurgence,Synthetic,NA,NA,NA,NA,21,16
2021chicago,Premier,Pool,Lowkey,Chowey,NA,NA,NA,NA,21,7
2021chicago,Premier,Pool,Lowkey,Chowey,NA,NA,NA,NA,21,12
2021chicago,Premier,Pool,Bavarian Jersey,Snaxx in my bag,NA,NA,NA,NA,21,23
2021chicago,Premier,Pool,Bavarian Jersey,Snaxx in my bag,NA,NA,NA,NA,19,21
2021chicago,Premier,Pool,Double Clutch,Grassy,NA,NA,NA,NA,21,14
2021chicago,Premier,Pool,Double Clutch,Grassy,NA,NA,NA,NA,21,10
2021chicago,Premier,Pool,Trash Pandas,Big Booty Bumpers,NA,NA,NA,NA,12,21
2021chicago,Premier,Pool,Trash Pandas,Big Booty Bumpers,NA,NA,NA,NA,13,21
2021chicago,Premier,Pool,Curtain call center,Tiki Taka,NA,NA,NA,NA,21,23
2021chicago,Premier,Pool,Curtain call center,Tiki Taka,NA,NA,NA,NA,20,22
2021chicago,Premier,Pool,Smash Bros,Clubspike Insurgence,NA,NA,NA,NA,16,21
2021chicago,Premier,Pool,Smash Bros,Clubspike Insurgence,NA,NA,NA,NA,21,18
2021chicago,Premier,Pool,Smash Bros,Clubspike Insurgence,NA,NA,NA,NA,21,19
2021chicago,Premier,Pool,Sloppy Seconds,Lowkey,NA,NA,NA,NA,16,21
2021chicago,Premier,Pool,Sloppy Seconds,Lowkey,NA,NA,NA,NA,21,14
2021chicago,Premier,Pool,Sloppy Seconds,Lowkey,NA,NA,NA,NA,21,15
2021chicago,Premier,Pool,Chowey,Bavarian Jersey,NA,NA,NA,NA,16,21
2021chicago,Premier,Pool,Chowey,Bavarian Jersey,NA,NA,NA,NA,19,21
2021chicago,Contender,Pool,The Priller Place,Say Less,NA,NA,NA,NA,21,6
2021chicago,Contender,Pool,Spikearoni,Spike Kings of Bourbonnais,NA,NA,NA,NA,21,8
2021chicago,Contender,Pool,Semke/Hoogendoorn,Cryptid,NA,NA,NA,NA,17,21
2021chicago,Contender,Pool,shorewood tennis,Pocket Aces,NA,NA,NA,NA,21,14
2021chicago,Contender,Pool,Stone/Breum,Chudder Butter,NA,NA,NA,NA,13,21
2021chicago,Contender,Pool,zooweemama,Canyon Casuals,NA,NA,NA,NA,21,16
2021chicago,Contender,Pool,Chipotle Sauce,fun sized fledglings,NA,NA,NA,NA,19,21
2021chicago,Contender,Pool,Lanky Smoove,Boat Crew,NA,NA,NA,NA,21,11
2021chicago,Contender,Pool,Huston/Rankin,Super Strikers,NA,NA,NA,NA,21,10
2021chicago,Contender,Pool,Cook/Heidman,Over Easy,NA,NA,NA,NA,21,13
2021chicago,Contender,Pool,The Friend Bros,Sons of Kenneth,NA,NA,NA,NA,21,19
2021chicago,Contender,Pool,Um Holdon,Endurance,NA,NA,NA,NA,8,21
2021chicago,Contender,Pool,The Priller Place,Spike Kings of Bourbonnais,NA,NA,NA,NA,21,14
2021chicago,Contender,Pool,Spikearoni,Half-Way,NA,NA,NA,NA,21,11
2021chicago,Contender,Pool,Cryptid,Say Less,NA,NA,NA,NA,21,16
2021chicago,Contender,Pool,shorewood tennis,Chudder Butter,NA,NA,NA,NA,21,15
2021chicago,Contender,Pool,Stone/Breum,Go Wheaties!,NA,NA,NA,NA,22,24
2021chicago,Contender,Pool,Canyon Casuals,Pocket Aces,NA,NA,NA,NA,19,21
2021chicago,Contender,Pool,Chipotle Sauce,Boat Crew,NA,NA,NA,NA,21,12
2021chicago,Contender,Pool,Lanky Smoove,Huston/Rankin,NA,NA,NA,NA,21,14
2021chicago,Contender,Pool,Super Strikers,fun sized fledglings,NA,NA,NA,NA,3,21
2021chicago,Contender,Pool,Cook/Heidman,Sons of Kenneth,NA,NA,NA,NA,21,12
2021chicago,Contender,Pool,The Friend Bros,Um Holdon,NA,NA,NA,NA,21,7
2021chicago,Contender,Pool,Endurance,Over Easy,NA,NA,NA,NA,18,21
2021chicago,Contender,Pool,The Priller Place,Cryptid,NA,NA,NA,NA,21,19
2021chicago,Contender,Pool,Spikearoni,Semke/Hoogendoorn,NA,NA,NA,NA,21,19
2021chicago,Contender,Pool,Half-Way,Spike Kings of Bourbonnais,NA,NA,NA,NA,21,15
2021chicago,Contender,Pool,shorewood tennis,Canyon Casuals,NA,NA,NA,NA,21,16
2021chicago,Contender,Pool,Stone/Breum,zooweemama,NA,NA,NA,NA,24,25
2021chicago,Contender,Pool,Go Wheaties!,Chudder Butter,NA,NA,NA,NA,21,19
2021chicago,Contender,Pool,Chipotle Sauce,Super Strikers,NA,NA,NA,NA,21,6
2021chicago,Contender,Pool,Lanky Smoove,fun sized fledglings,NA,NA,NA,NA,21,17
2021chicago,Contender,Pool,Huston/Rankin,Boat Crew,NA,NA,NA,NA,21,17
2021chicago,Contender,Pool,Cook/Heidman,Endurance,NA,NA,NA,NA,21,7
2021chicago,Contender,Pool,The Friend Bros,Over Easy,NA,NA,NA,NA,21,16
2021chicago,Contender,Pool,Um Holdon,Sons of Kenneth,NA,NA,NA,NA,7,21
2021chicago,Contender,Pool,The Priller Place,Half-Way,NA,NA,NA,NA,21,15
2021chicago,Contender,Pool,Spikearoni,Say Less,NA,NA,NA,NA,21,14
2021chicago,Contender,Pool,Semke/Hoogendoorn,Spike Kings of Bourbonnais,NA,NA,NA,NA,21,14
2021chicago,Contender,Pool,shorewood tennis,Go Wheaties!,NA,NA,NA,NA,21,12
2021chicago,Contender,Pool,Stone/Breum,Pocket Aces,NA,NA,NA,NA,25,24
2021chicago,Contender,Pool,zooweemama,Chudder Butter,NA,NA,NA,NA,13,21
2021chicago,Contender,Pool,Chipotle Sauce,Huston/Rankin,NA,NA,NA,NA,21,12
2021chicago,Contender,Pool,Lanky Smoove,Super Strikers,NA,NA,NA,NA,21,9
2021chicago,Contender,Pool,Boat Crew,fun sized fledglings,NA,NA,NA,NA,12,21
2021chicago,Contender,Pool,Cook/Heidman,Um Holdon,NA,NA,NA,NA,21,9
2021chicago,Contender,Pool,The Friend Bros,Endurance,NA,NA,NA,NA,24,25
2021chicago,Contender,Pool,Sons of Kenneth,Over Easy,NA,NA,NA,NA,21,17
2021chicago,Contender,Pool,Spikearoni,Cryptid,NA,NA,NA,NA,13,21
2021chicago,Contender,Pool,Semke/Hoogendoorn,Half-Way,NA,NA,NA,NA,21,12
2021chicago,Contender,Pool,Spike Kings of Bourbonnais,Say Less,NA,NA,NA,NA,7,21
2021chicago,Contender,Pool,Stone/Breum,Canyon Casuals,NA,NA,NA,NA,21,7
2021chicago,Contender,Pool,zooweemama,Go Wheaties!,NA,NA,NA,NA,21,8
2021chicago,Contender,Pool,Chudder Butter,Pocket Aces,NA,NA,NA,NA,22,20
2021chicago,Contender,Pool,Chipotle Sauce,Lanky Smoove,NA,NA,NA,NA,17,21
2021chicago,Contender,Pool,Huston/Rankin,fun sized fledglings,NA,NA,NA,NA,18,21
2021chicago,Contender,Pool,Super Strikers,Boat Crew,NA,NA,NA,NA,15,21
2021chicago,Contender,Pool,Cook/Heidman,The Friend Bros,NA,NA,NA,NA,17,21
2021chicago,Contender,Pool,Um Holdon,Over Easy,NA,NA,NA,NA,15,21
2021chicago,Contender,Pool,Endurance,Sons of Kenneth,NA,NA,NA,NA,23,21
2021chicago,Contender,Pool,The Priller Place,Semke/Hoogendoorn,NA,NA,NA,NA,21,19
2021chicago,Contender,Pool,Half-Way,Say Less,NA,NA,NA,NA,21,18
2021chicago,Contender,Pool,Cryptid,Spike Kings of Bourbonnais,NA,NA,NA,NA,21,13
2021chicago,Contender,Pool,shorewood tennis,zooweemama,NA,NA,NA,NA,21,12
2021chicago,Contender,Pool,Go Wheaties!,Pocket Aces,NA,NA,NA,NA,21,18
2021chicago,Contender,Pool,Canyon Casuals,Chudder Butter,NA,NA,NA,NA,21,13
2021chicago,Contender,Pool,The Priller Place,Spikearoni,NA,NA,NA,NA,21,16
2021chicago,Contender,Pool,Semke/Hoogendoorn,Say Less,NA,NA,NA,NA,21,12
2021chicago,Contender,Pool,Half-Way,Cryptid,NA,NA,NA,NA,14,21
2021chicago,Contender,Pool,shorewood tennis,Stone/Breum,NA,NA,NA,NA,21,19
2021chicago,Contender,Pool,zooweemama,Pocket Aces,NA,NA,NA,NA,21,17
2021chicago,Contender,Pool,Go Wheaties!,Canyon Casuals,NA,NA,NA,NA,21,14
2021chicago,Advanced,Pool,Brotato Chip,FYBAN,NA,NA,NA,NA,21,9
2021chicago,Advanced,Pool,Chicken Nuggets,Go Wheaties,NA,NA,NA,NA,21,19
2021chicago,Advanced,Pool,Glass half full,$7 PBR,NA,NA,NA,NA,21,14
2021chicago,Advanced,Pool,Colorado Spikeball,Locked-In,NA,NA,NA,NA,19,21
2021chicago,Advanced,Pool,The Fresh-Men,Dad buds,NA,NA,NA,NA,14,21
2021chicago,Advanced,Pool,On Two Tommy,It's Milk or Nothing,NA,NA,NA,NA,21,13
2021chicago,Advanced,Pool,Hotdog Water,The Lesser Halves,NA,NA,NA,NA,8,21
2021chicago,Advanced,Pool,Smegdelan,Ace of Spikes,NA,NA,NA,NA,21,15
2021chicago,Advanced,Pool,The Groundhogs,Double Over Danger,NA,NA,NA,NA,21,18
2021chicago,Advanced,Pool,3rd's Always Money,Dub Club,NA,NA,NA,NA,21,12
2021chicago,Advanced,Pool,Autopilot,J-D,NA,NA,NA,NA,17,21
2021chicago,Advanced,Pool,Gruesome Twosome,Sun Hands,NA,NA,NA,NA,25,24
2021chicago,Advanced,Pool,No Pressure,24 seven,NA,NA,NA,NA,15,21
2021chicago,Advanced,Pool,Attack of the Insomniac,21 Point Pansies,NA,NA,NA,NA,21,18
2021chicago,Advanced,Pool,BeyBlades,Koopa Kids,NA,NA,NA,NA,21,11
2021chicago,Advanced,Pool,Brotato Chip,Go Wheaties,NA,NA,NA,NA,21,18
2021chicago,Advanced,Pool,Chicken Nuggets,Lewis Flyers,NA,NA,NA,NA,21,13
2021chicago,Advanced,Pool,$7 PBR,FYBAN,NA,NA,NA,NA,21,16
2021chicago,Advanced,Pool,Colorado Spikeball,Dad buds,NA,NA,NA,NA,16,21
2021chicago,Advanced,Pool,The Fresh-Men,Drop outs,NA,NA,NA,NA,12,21
2021chicago,Advanced,Pool,It's Milk or Nothing,Locked-In,NA,NA,NA,NA,4,21
2021chicago,Advanced,Pool,Hotdog Water,Ace of Spikes,NA,NA,NA,NA,21,12
2021chicago,Advanced,Pool,Smegdelan,Troll Toll Collectors,NA,NA,NA,NA,17,21
2021chicago,Advanced,Pool,Double Over Danger,The Lesser Halves,NA,NA,NA,NA,5,21
2021chicago,Advanced,Pool,3rd's Always Money,J-D,NA,NA,NA,NA,22,24
2021chicago,Advanced,Pool,Autopilot,bekfst club,NA,NA,NA,NA,21,15
2021chicago,Advanced,Pool,Sun Hands,Dub Club,NA,NA,NA,NA,21,15
2021chicago,Advanced,Pool,No Pressure,21 Point Pansies,NA,NA,NA,NA,14,21
2021chicago,Advanced,Pool,Attack of the Insomniac,Tweenie Hut Jr's,NA,NA,NA,NA,13,21
2021chicago,Advanced,Pool,Koopa Kids,24 seven,NA,NA,NA,NA,17,21
2021chicago,Advanced,Pool,Brotato Chip,$7 PBR,NA,NA,NA,NA,21,12
2021chicago,Advanced,Pool,Chicken Nuggets,Glass half full,NA,NA,NA,NA,21,18
2021chicago,Advanced,Pool,Lewis Flyers,Go Wheaties,NA,NA,NA,NA,16,21
2021chicago,Advanced,Pool,Colorado Spikeball,It's Milk or Nothing,NA,NA,NA,NA,21,14
2021chicago,Advanced,Pool,The Fresh-Men,On Two Tommy,NA,NA,NA,NA,23,21
2021chicago,Advanced,Pool,Drop outs,Dad buds,NA,NA,NA,NA,20,22
2021chicago,Advanced,Pool,Hotdog Water,Double Over Danger,NA,NA,NA,NA,21,23
2021chicago,Advanced,Pool,Smegdelan,The Groundhogs,NA,NA,NA,NA,22,20
2021chicago,Advanced,Pool,Troll Toll Collectors,Ace of Spikes,NA,NA,NA,NA,21,9
2021chicago,Advanced,Pool,3rd's Always Money,Sun Hands,NA,NA,NA,NA,21,18
2021chicago,Advanced,Pool,Autopilot,Gruesome Twosome,NA,NA,NA,NA,21,14
2021chicago,Advanced,Pool,bekfst club,J-D,NA,NA,NA,NA,16,21
2021chicago,Advanced,Pool,No Pressure,Koopa Kids,NA,NA,NA,NA,21,15
2021chicago,Advanced,Pool,Attack of the Insomniac,BeyBlades,NA,NA,NA,NA,9,21
2021chicago,Advanced,Pool,Tweenie Hut Jr's,21 Point Pansies,NA,NA,NA,NA,22,20
2021chicago,Advanced,Pool,Brotato Chip,Lewis Flyers,NA,NA,NA,NA,21,13
2021chicago,Advanced,Pool,Chicken Nuggets,FYBAN,NA,NA,NA,NA,21,12
2021chicago,Advanced,Pool,Glass half full,Go Wheaties,NA,NA,NA,NA,21,16
2021chicago,Advanced,Pool,Colorado Spikeball,Drop outs,NA,NA,NA,NA,22,24
2021chicago,Advanced,Pool,The Fresh-Men,Locked-In,NA,NA,NA,NA,21,18
2021chicago,Advanced,Pool,On Two Tommy,Dad buds,NA,NA,NA,NA,21,17
2021chicago,Advanced,Pool,Hotdog Water,Troll Toll Collectors,NA,NA,NA,NA,22,20
2021chicago,Advanced,Pool,Smegdelan,The Lesser Halves,NA,NA,NA,NA,7,21
2021chicago,Advanced,Pool,The Groundhogs,Ace of Spikes,NA,NA,NA,NA,21,14
2021chicago,Advanced,Pool,3rd's Always Money,bekfst club,NA,NA,NA,NA,21,19
2021chicago,Advanced,Pool,Autopilot,Dub Club,NA,NA,NA,NA,23,21
2021chicago,Advanced,Pool,Gruesome Twosome,J-D,NA,NA,NA,NA,16,21
2021chicago,Advanced,Pool,No Pressure,Tweenie Hut Jr's,NA,NA,NA,NA,15,21
2021chicago,Advanced,Pool,Attack of the Insomniac,24 seven,NA,NA,NA,NA,12,21
2021chicago,Advanced,Pool,BeyBlades,21 Point Pansies,NA,NA,NA,NA,21,12
2021chicago,Advanced,Pool,Chicken Nuggets,$7 PBR,NA,NA,NA,NA,21,14
2021chicago,Advanced,Pool,Glass half full,Lewis Flyers,NA,NA,NA,NA,21,16
2021chicago,Advanced,Pool,Go Wheaties,FYBAN,NA,NA,NA,NA,21,7
2021chicago,Advanced,Pool,The Fresh-Men,It's Milk or Nothing,NA,NA,NA,NA,21,10
2021chicago,Advanced,Pool,On Two Tommy,Drop outs,NA,NA,NA,NA,25,24
2021chicago,Advanced,Pool,Dad buds,Locked-In,NA,NA,NA,NA,21,13
2021chicago,Advanced,Pool,Smegdelan,Double Over Danger,NA,NA,NA,NA,14,21
2021chicago,Advanced,Pool,The Groundhogs,Troll Toll Collectors,NA,NA,NA,NA,21,23
2021chicago,Advanced,Pool,Ace of Spikes,The Lesser Halves,NA,NA,NA,NA,12,21
2021chicago,Advanced,Pool,Autopilot,Sun Hands,NA,NA,NA,NA,18,21
2021chicago,Advanced,Pool,Gruesome Twosome,bekfst club,NA,NA,NA,NA,18,21
2021chicago,Advanced,Pool,J-D,Dub Club,NA,NA,NA,NA,21,13
2021chicago,Advanced,Pool,Attack of the Insomniac,Koopa Kids,NA,NA,NA,NA,18,21
2021chicago,Advanced,Pool,BeyBlades,Tweenie Hut Jr's,NA,NA,NA,NA,21,15
2021chicago,Advanced,Pool,21 Point Pansies,24 seven,NA,NA,NA,NA,12,21
2021chicago,Advanced,Pool,Brotato Chip,Glass half full,NA,NA,NA,NA,21,14
2021chicago,Advanced,Pool,Lewis Flyers,FYBAN,NA,NA,NA,NA,21,18
2021chicago,Advanced,Pool,$7 PBR,Go Wheaties,NA,NA,NA,NA,18,21
2021chicago,Advanced,Pool,Colorado Spikeball,On Two Tommy,NA,NA,NA,NA,21,17
2021chicago,Advanced,Pool,Drop outs,Locked-In,NA,NA,NA,NA,21,19
2021chicago,Advanced,Pool,It's Milk or Nothing,Dad buds,NA,NA,NA,NA,8,21
2021chicago,Advanced,Pool,Hotdog Water,The Groundhogs,NA,NA,NA,NA,18,21
2021chicago,Advanced,Pool,Troll Toll Collectors,The Lesser Halves,NA,NA,NA,NA,10,21
2021chicago,Advanced,Pool,Double Over Danger,Ace of Spikes,NA,NA,NA,NA,21,17
2021chicago,Advanced,Pool,3rd's Always Money,Gruesome Twosome,NA,NA,NA,NA,18,21
2021chicago,Advanced,Pool,bekfst club,Dub Club,NA,NA,NA,NA,21,9
2021chicago,Advanced,Pool,Sun Hands,J-D,NA,NA,NA,NA,19,21
2021chicago,Advanced,Pool,No Pressure,BeyBlades,NA,NA,NA,NA,13,21
2021chicago,Advanced,Pool,Tweenie Hut Jr's,24 seven,NA,NA,NA,NA,19,21
2021chicago,Advanced,Pool,Koopa Kids,21 Point Pansies,NA,NA,NA,NA,21,10
2021chicago,Advanced,Pool,Brotato Chip,Chicken Nuggets,NA,NA,NA,NA,21,17
2021chicago,Advanced,Pool,Glass half full,FYBAN,NA,NA,NA,NA,21,14
2021chicago,Advanced,Pool,Lewis Flyers,$7 PBR,NA,NA,NA,NA,21,13
2021chicago,Advanced,Pool,Colorado Spikeball,The Fresh-Men,NA,NA,NA,NA,21,15
2021chicago,Advanced,Pool,On Two Tommy,Locked-In,NA,NA,NA,NA,21,16
2021chicago,Advanced,Pool,Drop outs,It's Milk or Nothing,NA,NA,NA,NA,21,15
2021chicago,Advanced,Pool,Hotdog Water,Smegdelan,NA,NA,NA,NA,21,14
2021chicago,Advanced,Pool,The Groundhogs,The Lesser Halves,NA,NA,NA,NA,11,21
2021chicago,Advanced,Pool,Troll Toll Collectors,Double Over Danger,NA,NA,NA,NA,21,17
2021chicago,Advanced,Pool,3rd's Always Money,Autopilot,NA,NA,NA,NA,21,18
2021chicago,Advanced,Pool,Gruesome Twosome,Dub Club,NA,NA,NA,NA,21,14
2021chicago,Advanced,Pool,bekfst club,Sun Hands,NA,NA,NA,NA,19,21
2021chicago,Advanced,Pool,No Pressure,Attack of the Insomniac,NA,NA,NA,NA,21,16
2021chicago,Advanced,Pool,BeyBlades,24 seven,NA,NA,NA,NA,21,17
2021chicago,Advanced,Pool,Tweenie Hut Jr's,Koopa Kids,NA,NA,NA,NA,16,21
2021chicago,Intermediate,Pool,DnA,Niles Thugs,NA,NA,NA,NA,21,15
2021chicago,Intermediate,Pool,Corn Smugglers,Point-a-palooza,NA,NA,NA,NA,21,19
2021chicago,Intermediate,Pool,Mission Unblockable,UniqueNameHere,NA,NA,NA,NA,21,17
2021chicago,Intermediate,Pool,Bussin Backhands,Inconsistently Decent,NA,NA,NA,NA,21,8
2021chicago,Intermediate,Pool,Saved by the Ball,Cool Beanz,NA,NA,NA,NA,21,17
2021chicago,Intermediate,Pool,Cows,Dixon Balls,NA,NA,NA,NA,21,17
2021chicago,Intermediate,Pool,Icy Hot Afficionados,Thunder Hawks,NA,NA,NA,NA,18,21
2021chicago,Intermediate,Pool,Suns in 4,Hog Riders,NA,NA,NA,NA,18,21
2021chicago,Intermediate,Pool,Aliq's Aces,The Editors,NA,NA,NA,NA,18,21
2021chicago,Intermediate,Pool,DnA,Point-a-palooza,NA,NA,NA,NA,13,21
2021chicago,Intermediate,Pool,Corn Smugglers,Vincent FwanGogh,NA,NA,NA,NA,21,14
2021chicago,Intermediate,Pool,UniqueNameHere,Niles Thugs,NA,NA,NA,NA,21,12
2021chicago,Intermediate,Pool,Bussin Backhands,Cool Beanz,NA,NA,NA,NA,19,21
2021chicago,Intermediate,Pool,Saved by the Ball,The Salamanders,NA,NA,NA,NA,21,9
2021chicago,Intermediate,Pool,Dixon Balls,Inconsistently Decent,NA,NA,NA,NA,21,3
2021chicago,Intermediate,Pool,Icy Hot Afficionados,Hog Riders,NA,NA,NA,NA,12,21
2021chicago,Intermediate,Pool,Suns in 4,Halo.Two Betrayals.Legendary,NA,NA,NA,NA,14,21
2021chicago,Intermediate,Pool,The Editors,Thunder Hawks,NA,NA,NA,NA,21,10
2021chicago,Intermediate,Pool,DnA,UniqueNameHere,NA,NA,NA,NA,22,20
2021chicago,Intermediate,Pool,Corn Smugglers,Mission Unblockable,NA,NA,NA,NA,21,15
2021chicago,Intermediate,Pool,Vincent FwanGogh,Point-a-palooza,NA,NA,NA,NA,15,21
2021chicago,Intermediate,Pool,Bussin Backhands,Dixon Balls,NA,NA,NA,NA,21,18
2021chicago,Intermediate,Pool,Saved by the Ball,Cows,NA,NA,NA,NA,22,20
2021chicago,Intermediate,Pool,The Salamanders,Cool Beanz,NA,NA,NA,NA,18,21
2021chicago,Intermediate,Pool,Icy Hot Afficionados,The Editors,NA,NA,NA,NA,10,21
2021chicago,Intermediate,Pool,Suns in 4,Aliq's Aces,NA,NA,NA,NA,18,21
2021chicago,Intermediate,Pool,Halo.Two Betrayals.Legendary,Hog Riders,NA,NA,NA,NA,21,12
2021chicago,Intermediate,Pool,DnA,Vincent FwanGogh,NA,NA,NA,NA,21,19
2021chicago,Intermediate,Pool,Corn Smugglers,Niles Thugs,NA,NA,NA,NA,21,8
2021chicago,Intermediate,Pool,Mission Unblockable,Point-a-palooza,NA,NA,NA,NA,18,21
2021chicago,Intermediate,Pool,Bussin Backhands,The Salamanders,NA,NA,NA,NA,16,21
2021chicago,Intermediate,Pool,Saved by the Ball,Inconsistently Decent,NA,NA,NA,NA,21,3
2021chicago,Intermediate,Pool,Cows,Cool Beanz,NA,NA,NA,NA,14,21
2021chicago,Intermediate,Pool,Icy Hot Afficionados,Halo.Two Betrayals.Legendary,NA,NA,NA,NA,14,21
2021chicago,Intermediate,Pool,Suns in 4,Thunder Hawks,NA,NA,NA,NA,21,3
2021chicago,Intermediate,Pool,Aliq's Aces,Hog Riders,NA,NA,NA,NA,13,21
2021chicago,Intermediate,Pool,Corn Smugglers,UniqueNameHere,NA,NA,NA,NA,21,19
2021chicago,Intermediate,Pool,Mission Unblockable,Vincent FwanGogh,NA,NA,NA,NA,21,18
2021chicago,Intermediate,Pool,Point-a-palooza,Niles Thugs,NA,NA,NA,NA,4,21
2021chicago,Intermediate,Pool,Saved by the Ball,Dixon Balls,NA,NA,NA,NA,21,16
2021chicago,Intermediate,Pool,Cows,The Salamanders,NA,NA,NA,NA,20,22
2021chicago,Intermediate,Pool,Cool Beanz,Inconsistently Decent,NA,NA,NA,NA,21,0
2021chicago,Intermediate,Pool,Suns in 4,The Editors,NA,NA,NA,NA,21,12
2021chicago,Intermediate,Pool,Aliq's Aces,Halo.Two Betrayals.Legendary,NA,NA,NA,NA,17,21
2021chicago,Intermediate,Pool,Hog Riders,Thunder Hawks,NA,NA,NA,NA,21,5
2021chicago,Intermediate,Pool,DnA,Mission Unblockable,NA,NA,NA,NA,17,21
2021chicago,Intermediate,Pool,Vincent FwanGogh,Niles Thugs,NA,NA,NA,NA,21,8
2021chicago,Intermediate,Pool,UniqueNameHere,Point-a-palooza,NA,NA,NA,NA,17,21
2021chicago,Intermediate,Pool,Bussin Backhands,Cows,NA,NA,NA,NA,18,21
2021chicago,Intermediate,Pool,The Salamanders,Inconsistently Decent,NA,NA,NA,NA,21,3
2021chicago,Intermediate,Pool,Dixon Balls,Cool Beanz,NA,NA,NA,NA,22,24
2021chicago,Intermediate,Pool,Icy Hot Afficionados,Aliq's Aces,NA,NA,NA,NA,15,21
2021chicago,Intermediate,Pool,Halo.Two Betrayals.Legendary,Thunder Hawks,NA,NA,NA,NA,21,11
2021chicago,Intermediate,Pool,The Editors,Hog Riders,NA,NA,NA,NA,15,21
2021chicago,Intermediate,Pool,DnA,Corn Smugglers,NA,NA,NA,NA,23,25
2021chicago,Intermediate,Pool,Mission Unblockable,Niles Thugs,NA,NA,NA,NA,21,8
2021chicago,Intermediate,Pool,Vincent FwanGogh,UniqueNameHere,NA,NA,NA,NA,21,18
2021chicago,Intermediate,Pool,Bussin Backhands,Saved by the Ball,NA,NA,NA,NA,18,21
2021chicago,Intermediate,Pool,Cows,Inconsistently Decent,NA,NA,NA,NA,21,3
2021chicago,Intermediate,Pool,The Salamanders,Dixon Balls,NA,NA,NA,NA,21,19
2021chicago,Intermediate,Pool,Icy Hot Afficionados,Suns in 4,NA,NA,NA,NA,12,21
2021chicago,Intermediate,Pool,Aliq's Aces,Thunder Hawks,NA,NA,NA,NA,21,6
2021chicago,Intermediate,Pool,Halo.Two Betrayals.Legendary,The Editors,NA,NA,NA,NA,21,11
2021chicago,High School,Pool,Stud Muffins,Juke Squad,NA,NA,NA,NA,15,21
2021chicago,High School,Pool,Ram Ranchers,Cashews,NA,NA,NA,NA,12,21
2021chicago,High School,Pool,Double Trouble,Fifteen Fifteen,NA,NA,NA,NA,11,21
2021chicago,High School,Pool,Stud Muffins,Cashews,NA,NA,NA,NA,9,21
2021chicago,High School,Pool,Ram Ranchers,Double Trouble,NA,NA,NA,NA,22,24
2021chicago,High School,Pool,Fifteen Fifteen,Juke Squad,NA,NA,NA,NA,21,14
2021chicago,High School,Pool,Stud Muffins,Fifteen Fifteen,NA,NA,NA,NA,7,21
2021chicago,High School,Pool,Ram Ranchers,Juke Squad,NA,NA,NA,NA,20,22
2021chicago,High School,Pool,Double Trouble,Cashews,NA,NA,NA,NA,16,21
2021chicago,High School,Pool,Stud Muffins,Double Trouble,NA,NA,NA,NA,18,21
2021chicago,High School,Pool,Ram Ranchers,Fifteen Fifteen,NA,NA,NA,NA,14,21
2021chicago,High School,Pool,Cashews,Juke Squad,NA,NA,NA,NA,21,15
2021chicago,High School,Pool,Stud Muffins,Ram Ranchers,NA,NA,NA,NA,24,25
2021chicago,High School,Pool,Double Trouble,Juke Squad,NA,NA,NA,NA,12,21
2021chicago,High School,Pool,Fifteen Fifteen,Cashews,NA,NA,NA,NA,21,19
2021chicago,Women's,Pool,Jenki/Pierson,Something Intimidating,NA,NA,NA,NA,21,10
2021chicago,Women's,Pool,Ugly Barnacles,Frozen Grapes,NA,NA,NA,NA,21,15
2021chicago,Women's,Pool,Straight Outta Kali,"2 Jumpers, 4 Bad Knees",NA,NA,NA,NA,21,17
2021chicago,Women's,Pool,hugs not drugs,XtraTuf Spikers,NA,NA,NA,NA,11,21
2021chicago,Women's,Pool,Mamis,Bunda Babes,NA,NA,NA,NA,21,7
2021chicago,Women's,Pool,Jenki/Pierson,Frozen Grapes,NA,NA,NA,NA,21,10
2021chicago,Women's,Pool,Ugly Barnacles,Showalter/Shrock,NA,NA,NA,NA,21,18
2021chicago,Women's,Pool,"2 Jumpers, 4 Bad Knees",Something Intimidating,NA,NA,NA,NA,21,14
2021chicago,Women's,Pool,hugs not drugs,Bunda Babes,NA,NA,NA,NA,9,21
2021chicago,Women's,Pool,FreeDub,XtraTuf Spikers,NA,NA,NA,NA,21,13
2021chicago,Women's,Pool,Jenki/Pierson,"2 Jumpers, 4 Bad Knees",NA,NA,NA,NA,21,12
2021chicago,Women's,Pool,Ugly Barnacles,Straight Outta Kali,NA,NA,NA,NA,21,19
2021chicago,Women's,Pool,Showalter/Shrock,Frozen Grapes,NA,NA,NA,NA,21,19
2021chicago,Women's,Pool,hugs not drugs,FreeDub,NA,NA,NA,NA,15,21
2021chicago,Women's,Pool,Mamis,XtraTuf Spikers,NA,NA,NA,NA,21,15
2021chicago,Women's,Pool,Jenki/Pierson,Showalter/Shrock,NA,NA,NA,NA,21,18
2021chicago,Women's,Pool,Ugly Barnacles,Something Intimidating,NA,NA,NA,NA,21,18
2021chicago,Women's,Pool,Straight Outta Kali,Frozen Grapes,NA,NA,NA,NA,21,9
2021chicago,Women's,Pool,Mamis,FreeDub,NA,NA,NA,NA,21,15
2021chicago,Women's,Pool,Bunda Babes,XtraTuf Spikers,NA,NA,NA,NA,13,21
2021chicago,Women's,Pool,Ugly Barnacles,"2 Jumpers, 4 Bad Knees",NA,NA,NA,NA,21,18
2021chicago,Women's,Pool,Straight Outta Kali,Showalter/Shrock,NA,NA,NA,NA,21,17
2021chicago,Women's,Pool,Frozen Grapes,Something Intimidating,NA,NA,NA,NA,13,21
2021chicago,Women's,Pool,hugs not drugs,Mamis,NA,NA,NA,NA,7,21
2021chicago,Women's,Pool,FreeDub,Bunda Babes,NA,NA,NA,NA,21,15
2021chicago,Women's,Pool,Jenki/Pierson,Straight Outta Kali,NA,NA,NA,NA,21,14
2021chicago,Women's,Pool,Showalter/Shrock,Something Intimidating,NA,NA,NA,NA,22,20
2021chicago,Women's,Pool,"2 Jumpers, 4 Bad Knees",Frozen Grapes,NA,NA,NA,NA,24,22
2021chicago,Women's,Pool,Jenki/Pierson,Ugly Barnacles,NA,NA,NA,NA,21,18
2021chicago,Women's,Pool,Straight Outta Kali,Something Intimidating,NA,NA,NA,NA,25,23
2021chicago,Women's,Pool,Showalter/Shrock,"2 Jumpers, 4 Bad Knees",NA,NA,NA,NA,21,16
2021chicago,Premier,Round of 16,Graham/Showalter,Trippy Lizard,NA,NA,NA,NA,18,21
2021chicago,Premier,Round of 16,Graham/Showalter,Trippy Lizard,NA,NA,NA,NA,23,21
2021chicago,Premier,Round of 16,Graham/Showalter,Trippy Lizard,NA,NA,NA,NA,21,23
2021chicago,Premier,Round of 16,Ritto Boys,Grassy,NA,NA,NA,NA,21,18
2021chicago,Premier,Round of 16,Ritto Boys,Grassy,NA,NA,NA,NA,21,18
2021chicago,Premier,Round of 16,Outside Smoke,Lowkey,NA,NA,NA,NA,14,21
2021chicago,Premier,Round of 16,Outside Smoke,Lowkey,NA,NA,NA,NA,21,19
2021chicago,Premier,Round of 16,Outside Smoke,Lowkey,NA,NA,NA,NA,15,21
2021chicago,Premier,Round of 16,Ghoul-Aid (Revenge Tour),Curtain call center,NA,NA,NA,NA,15,21
2021chicago,Premier,Round of 16,Ghoul-Aid (Revenge Tour),Curtain call center,NA,NA,NA,NA,21,19
2021chicago,Premier,Round of 16,Ghoul-Aid (Revenge Tour),Curtain call center,NA,NA,NA,NA,16,21
2021chicago,Premier,Quarter-finals,Double Clutch,Trippy Lizard,NA,NA,NA,NA,25,23
2021chicago,Premier,Quarter-finals,Double Clutch,Trippy Lizard,NA,NA,NA,NA,21,11
2021chicago,Premier,Quarter-finals,Dewey Disciples,Ritto Boys,NA,NA,NA,NA,14,21
2021chicago,Premier,Quarter-finals,Dewey Disciples,Ritto Boys,NA,NA,NA,NA,21,16
2021chicago,Premier,Quarter-finals,Dewey Disciples,Ritto Boys,NA,NA,NA,NA,21,23
2021chicago,Premier,Quarter-finals,Tiki Taka,Lowkey,NA,NA,NA,NA,12,21
2021chicago,Premier,Quarter-finals,Tiki Taka,Lowkey,NA,NA,NA,NA,18,21
2021chicago,Premier,Quarter-finals,Sloppy Seconds,Curtain call center,NA,NA,NA,NA,21,17
2021chicago,Premier,Quarter-finals,Sloppy Seconds,Curtain call center,NA,NA,NA,NA,19,21
2021chicago,Premier,Quarter-finals,Sloppy Seconds,Curtain call center,NA,NA,NA,NA,21,18
2021chicago,Premier,Semi-finals,Double Clutch,Ritto Boys,NA,NA,NA,NA,17,21
2021chicago,Premier,Semi-finals,Double Clutch,Ritto Boys,NA,NA,NA,NA,21,13
2021chicago,Premier,Semi-finals,Double Clutch,Ritto Boys,NA,NA,NA,NA,21,16
2021chicago,Premier,Semi-finals,Lowkey,Sloppy Seconds,NA,NA,NA,NA,19,21
2021chicago,Premier,Semi-finals,Lowkey,Sloppy Seconds,NA,NA,NA,NA,21,19
2021chicago,Premier,Semi-finals,Lowkey,Sloppy Seconds,NA,NA,NA,NA,17,21
2021chicago,Premier,1st place,Double Clutch,Sloppy Seconds,NA,NA,NA,NA,18,21
2021chicago,Premier,1st place,Double Clutch,Sloppy Seconds,NA,NA,NA,NA,21,17
2021chicago,Premier,1st place,Double Clutch,Sloppy Seconds,NA,NA,NA,NA,17,21
2021chicago,Premier,3rd place,Lowkey,Ritto Boys,NA,NA,NA,NA,16,21
2021chicago,Premier,3rd place,Lowkey,Ritto Boys,NA,NA,NA,NA,21,14
2021chicago,Premier,3rd place,Lowkey,Ritto Boys,NA,NA,NA,NA,15,21
2021chicago,Premier,P5: Semi-finals,Dewey Disciples,Trippy Lizard,NA,NA,NA,NA,NA,NA
2021chicago,Premier,P5: Semi-finals,Curtain call center,Tiki Taka,NA,NA,NA,NA,NA,NA
2021chicago,Premier,P9: Semi-finals,Graham/Showalter,Grassy,NA,NA,NA,NA,NA,NA
2021chicago,Premier,P9: Semi-finals,Outside Smoke,Ghoul-Aid (Revenge Tour),NA,NA,NA,NA,NA,NA
2021chicago,Premier,Round of 16,Clubspike Insurgence,Bavarian Jersey,NA,NA,NA,NA,21,17
2021chicago,Premier,Round of 16,Clubspike Insurgence,Bavarian Jersey,NA,NA,NA,NA,21,8
2021chicago,Premier,Round of 16,Snaxx in my bag,GLITCH,NA,NA,NA,NA,19,21
2021chicago,Premier,Round of 16,Snaxx in my bag,GLITCH,NA,NA,NA,NA,19,21
2021chicago,Premier,Round of 16,Smash Bros,Runnerís Up,NA,NA,NA,NA,21,17
2021chicago,Premier,Round of 16,Smash Bros,Runnerís Up,NA,NA,NA,NA,18,21
2021chicago,Premier,Round of 16,Smash Bros,Runnerís Up,NA,NA,NA,NA,21,17
2021chicago,Premier,Round of 16,Highkey,Chowey,NA,NA,NA,NA,21,17
2021chicago,Premier,Round of 16,Highkey,Chowey,NA,NA,NA,NA,19,21
2021chicago,Premier,Round of 16,Highkey,Chowey,NA,NA,NA,NA,21,11
2021chicago,Premier,Round of 16,Trash Pandas,Hsuper Powers,NA,NA,NA,NA,0,1
2021chicago,Premier,Round of 16,Trash Pandas,Hsuper Powers,NA,NA,NA,NA,0,1
2021chicago,Premier,Round of 16,Short Cakes,Synthetic,NA,NA,NA,NA,21,15
2021chicago,Premier,Round of 16,Short Cakes,Synthetic,NA,NA,NA,NA,21,17
2021chicago,Premier,Round of 16,Big Booty Bumpers,WySlammo Zeroes,NA,NA,NA,NA,21,15
2021chicago,Premier,Round of 16,Big Booty Bumpers,WySlammo Zeroes,NA,NA,NA,NA,21,18
2021chicago,Premier,Quarter-finals,ClubSpike Spidey Senses,Clubspike Insurgence,NA,NA,NA,NA,1,0
2021chicago,Premier,Quarter-finals,ClubSpike Spidey Senses,Clubspike Insurgence,NA,NA,NA,NA,1,0
2021chicago,Premier,Quarter-finals,GLITCH,Smash Bros,NA,NA,NA,NA,19,21
2021chicago,Premier,Quarter-finals,GLITCH,Smash Bros,NA,NA,NA,NA,15,21
2021chicago,Premier,Quarter-finals,Highkey,Hsuper Powers,NA,NA,NA,NA,21,19
2021chicago,Premier,Quarter-finals,Highkey,Hsuper Powers,NA,NA,NA,NA,24,26
2021chicago,Premier,Quarter-finals,Highkey,Hsuper Powers,NA,NA,NA,NA,17,21
2021chicago,Premier,Quarter-finals,Short Cakes,Big Booty Bumpers,NA,NA,NA,NA,34,32
2021chicago,Premier,Quarter-finals,Short Cakes,Big Booty Bumpers,NA,NA,NA,NA,21,15
2021chicago,Premier,Semi-finals,ClubSpike Spidey Senses,Smash Bros,NA,NA,NA,NA,NA,NA
2021chicago,Premier,Semi-finals,ClubSpike Spidey Senses,Smash Bros,NA,NA,NA,NA,NA,NA
2021chicago,Premier,Semi-finals,ClubSpike Spidey Senses,Smash Bros,NA,NA,NA,NA,NA,NA
2021chicago,Premier,Semi-finals,Hsuper Powers,Short Cakes,NA,NA,NA,NA,19,21
2021chicago,Premier,Semi-finals,Hsuper Powers,Short Cakes,NA,NA,NA,NA,18,21
2021chicago,Premier,P5: Semi-finals,GLITCH,Clubspike Insurgence,NA,NA,NA,NA,NA,NA
2021chicago,Premier,P5: Semi-finals,Big Booty Bumpers,Highkey,NA,NA,NA,NA,NA,NA
2021chicago,Premier,P9: Quarter-finals,Runnerís Up,Snaxx in my bag,NA,NA,NA,NA,0,0
2021chicago,Premier,P9: Quarter-finals,Trash Pandas,Chowey,NA,NA,NA,NA,NA,NA
2021chicago,Premier,P9: Quarter-finals,WySlammo Zeroes,Synthetic,NA,NA,NA,NA,NA,NA
2021chicago,Contender,Round of 32,Huston/Rankin,Over Easy,NA,NA,NA,NA,21,17
2021chicago,Contender,Round of 32,Huston/Rankin,Over Easy,NA,NA,NA,NA,18,21
2021chicago,Contender,Round of 32,Huston/Rankin,Over Easy,NA,NA,NA,NA,21,18
2021chicago,Contender,Round of 32,Chipotle Sauce,Super Strikers,NA,NA,NA,NA,1,0
2021chicago,Contender,Round of 32,Chipotle Sauce,Super Strikers,NA,NA,NA,NA,1,0
2021chicago,Contender,Round of 32,Spikearoni,Um Holdon,NA,NA,NA,NA,1,0
2021chicago,Contender,Round of 32,Spikearoni,Um Holdon,NA,NA,NA,NA,1,0
2021chicago,Contender,Round of 32,Semke/Hoogendoorn,Boat Crew,NA,NA,NA,NA,21,12
2021chicago,Contender,Round of 32,Semke/Hoogendoorn,Boat Crew,NA,NA,NA,NA,21,16
2021chicago,Contender,Round of 32,Go Wheaties!,Pocket Aces,NA,NA,NA,NA,25,23
2021chicago,Contender,Round of 32,Go Wheaties!,Pocket Aces,NA,NA,NA,NA,21,23
2021chicago,Contender,Round of 32,Go Wheaties!,Pocket Aces,NA,NA,NA,NA,19,21
2021chicago,Contender,Round of 32,Chudder Butter,Stone/Breum,NA,NA,NA,NA,13,21
2021chicago,Contender,Round of 32,Chudder Butter,Stone/Breum,NA,NA,NA,NA,17,21
2021chicago,Contender,Round of 32,The Friend Bros,Spike Kings of Bourbonnais,NA,NA,NA,NA,21,13
2021chicago,Contender,Round of 32,The Friend Bros,Spike Kings of Bourbonnais,NA,NA,NA,NA,21,15
2021chicago,Contender,Round of 32,zooweemama,Say Less,NA,NA,NA,NA,21,18
2021chicago,Contender,Round of 32,zooweemama,Say Less,NA,NA,NA,NA,21,17
2021chicago,Contender,Round of 32,Sons of Kenneth,Half-Way,NA,NA,NA,NA,1,0
2021chicago,Contender,Round of 32,Sons of Kenneth,Half-Way,NA,NA,NA,NA,1,0
2021chicago,Contender,Round of 32,Endurance,Canyon Casuals,NA,NA,NA,NA,21,16
2021chicago,Contender,Round of 32,Endurance,Canyon Casuals,NA,NA,NA,NA,19,21
2021chicago,Contender,Round of 32,Endurance,Canyon Casuals,NA,NA,NA,NA,21,10
2021chicago,Contender,Round of 16,Lanky Smoove,Huston/Rankin,NA,NA,NA,NA,21,10
2021chicago,Contender,Round of 16,Lanky Smoove,Huston/Rankin,NA,NA,NA,NA,21,9
2021chicago,Contender,Round of 16,Chipotle Sauce,Spikearoni,NA,NA,NA,NA,27,25
2021chicago,Contender,Round of 16,Chipotle Sauce,Spikearoni,NA,NA,NA,NA,21,16
2021chicago,Contender,Round of 16,Cook/Heidman,Semke/Hoogendoorn,NA,NA,NA,NA,21,16
2021chicago,Contender,Round of 16,Cook/Heidman,Semke/Hoogendoorn,NA,NA,NA,NA,21,16
2021chicago,Contender,Round of 16,fun sized fledglings,Pocket Aces,NA,NA,NA,NA,21,19
2021chicago,Contender,Round of 16,fun sized fledglings,Pocket Aces,NA,NA,NA,NA,19,21
2021chicago,Contender,Round of 16,fun sized fledglings,Pocket Aces,NA,NA,NA,NA,21,14
2021chicago,Contender,Round of 16,shorewood tennis,Stone/Breum,NA,NA,NA,NA,21,16
2021chicago,Contender,Round of 16,shorewood tennis,Stone/Breum,NA,NA,NA,NA,21,15
2021chicago,Contender,Round of 16,The Friend Bros,zooweemama,NA,NA,NA,NA,21,16
2021chicago,Contender,Round of 16,The Friend Bros,zooweemama,NA,NA,NA,NA,18,21
2021chicago,Contender,Round of 16,The Friend Bros,zooweemama,NA,NA,NA,NA,21,11
2021chicago,Contender,Round of 16,The Priller Place,Sons of Kenneth,NA,NA,NA,NA,21,18
2021chicago,Contender,Round of 16,The Priller Place,Sons of Kenneth,NA,NA,NA,NA,17,21
2021chicago,Contender,Round of 16,The Priller Place,Sons of Kenneth,NA,NA,NA,NA,21,18
2021chicago,Contender,Round of 16,Cryptid,Endurance,NA,NA,NA,NA,21,17
2021chicago,Contender,Round of 16,Cryptid,Endurance,NA,NA,NA,NA,21,15
2021chicago,Contender,Quarter-finals,Lanky Smoove,Chipotle Sauce,NA,NA,NA,NA,21,17
2021chicago,Contender,Quarter-finals,Lanky Smoove,Chipotle Sauce,NA,NA,NA,NA,21,18
2021chicago,Contender,Quarter-finals,Cook/Heidman,fun sized fledglings,NA,NA,NA,NA,21,17
2021chicago,Contender,Quarter-finals,Cook/Heidman,fun sized fledglings,NA,NA,NA,NA,21,9
2021chicago,Contender,Quarter-finals,shorewood tennis,The Friend Bros,NA,NA,NA,NA,21,16
2021chicago,Contender,Quarter-finals,shorewood tennis,The Friend Bros,NA,NA,NA,NA,21,15
2021chicago,Contender,Quarter-finals,The Priller Place,Cryptid,NA,NA,NA,NA,17,21
2021chicago,Contender,Quarter-finals,The Priller Place,Cryptid,NA,NA,NA,NA,21,15
2021chicago,Contender,Quarter-finals,The Priller Place,Cryptid,NA,NA,NA,NA,20,22
2021chicago,Contender,Semi-finals,Lanky Smoove,Cook/Heidman,NA,NA,NA,NA,19,21
2021chicago,Contender,Semi-finals,Lanky Smoove,Cook/Heidman,NA,NA,NA,NA,21,19
2021chicago,Contender,Semi-finals,Lanky Smoove,Cook/Heidman,NA,NA,NA,NA,18,21
2021chicago,Contender,Semi-finals,shorewood tennis,Cryptid,NA,NA,NA,NA,17,21
2021chicago,Contender,Semi-finals,shorewood tennis,Cryptid,NA,NA,NA,NA,16,21
2021chicago,Contender,1st place,Cook/Heidman,Cryptid,NA,NA,NA,NA,18,21
2021chicago,Contender,1st place,Cook/Heidman,Cryptid,NA,NA,NA,NA,21,19
2021chicago,Contender,1st place,Cook/Heidman,Cryptid,NA,NA,NA,NA,18,21
2021chicago,Contender,3rd place,shorewood tennis,Lanky Smoove,NA,NA,NA,NA,21,15
2021chicago,Contender,3rd place,shorewood tennis,Lanky Smoove,NA,NA,NA,NA,15,21
2021chicago,Contender,3rd place,shorewood tennis,Lanky Smoove,NA,NA,NA,NA,21,19
2021chicago,Contender,P5: Semi-finals,fun sized fledglings,Chipotle Sauce,NA,NA,NA,NA,0,1
2021chicago,Contender,P5: Semi-finals,The Priller Place,The Friend Bros,NA,NA,NA,NA,NA,NA
2021chicago,Contender,P9: Quarter-finals,Spikearoni,Huston/Rankin,NA,NA,NA,NA,NA,NA
2021chicago,Contender,P9: Quarter-finals,Pocket Aces,Semke/Hoogendoorn,NA,NA,NA,NA,NA,NA
2021chicago,Contender,P9: Quarter-finals,zooweemama,Stone/Breum,NA,NA,NA,NA,NA,NA
2021chicago,Contender,P9: Quarter-finals,Endurance,Sons of Kenneth,NA,NA,NA,NA,NA,NA
2021chicago,Contender,P17: Round of 16,Um Holdon,Super Strikers,NA,NA,NA,NA,NA,NA
2021chicago,Contender,P17: Round of 16,Say Less,Spike Kings of Bourbonnais,NA,NA,NA,NA,NA,NA
2021chicago,Contender,P17: Quarter-finals,Boat Crew,Go Wheaties!,NA,NA,NA,NA,NA,NA
2021chicago,Contender,P17: Quarter-finals,Half-Way,Canyon Casuals,NA,NA,NA,NA,0,1
2021chicago,Advanced,Round of 64,Ace of Spikes,FYBAN,NA,NA,NA,NA,21,13
2021chicago,Advanced,Round of 64,Ace of Spikes,FYBAN,NA,NA,NA,NA,21,13
2021chicago,Advanced,Round of 64,Dub Club,It's Milk or Nothing,NA,NA,NA,NA,21,14
2021chicago,Advanced,Round of 64,Dub Club,It's Milk or Nothing,NA,NA,NA,NA,21,14
2021chicago,Advanced,Round of 32,The Lesser Halves,Ace of Spikes,NA,NA,NA,NA,21,7
2021chicago,Advanced,Round of 32,The Lesser Halves,Ace of Spikes,NA,NA,NA,NA,21,10
2021chicago,Advanced,Round of 32,Tweenie Hut Jr's,Hotdog Water,NA,NA,NA,NA,18,21
2021chicago,Advanced,Round of 32,Tweenie Hut Jr's,Hotdog Water,NA,NA,NA,NA,21,15
2021chicago,Advanced,Round of 32,Tweenie Hut Jr's,Hotdog Water,NA,NA,NA,NA,21,19
2021chicago,Advanced,Round of 32,Drop outs,Lewis Flyers,NA,NA,NA,NA,21,13
2021chicago,Advanced,Round of 32,Drop outs,Lewis Flyers,NA,NA,NA,NA,21,13
2021chicago,Advanced,Round of 32,Glass half full,bekfst club,NA,NA,NA,NA,21,19
2021chicago,Advanced,Round of 32,Glass half full,bekfst club,NA,NA,NA,NA,21,16
2021chicago,Advanced,Round of 32,J-D,$7 PBR,NA,NA,NA,NA,21,13
2021chicago,Advanced,Round of 32,J-D,$7 PBR,NA,NA,NA,NA,21,13
2021chicago,Advanced,Round of 32,Colorado Spikeball,Gruesome Twosome,NA,NA,NA,NA,21,18
2021chicago,Advanced,Round of 32,Colorado Spikeball,Gruesome Twosome,NA,NA,NA,NA,24,22
2021chicago,Advanced,Round of 32,Dad buds,21 Point Pansies,NA,NA,NA,NA,21,15
2021chicago,Advanced,Round of 32,Dad buds,21 Point Pansies,NA,NA,NA,NA,21,9
2021chicago,Advanced,Round of 32,Go Wheaties,The Fresh-Men,NA,NA,NA,NA,21,11
2021chicago,Advanced,Round of 32,Go Wheaties,The Fresh-Men,NA,NA,NA,NA,21,12
2021chicago,Advanced,Round of 32,BeyBlades,Dub Club,NA,NA,NA,NA,21,17
2021chicago,Advanced,Round of 32,BeyBlades,Dub Club,NA,NA,NA,NA,21,8
2021chicago,Advanced,Round of 32,Sun Hands,The Groundhogs,NA,NA,NA,NA,21,19
2021chicago,Advanced,Round of 32,Sun Hands,The Groundhogs,NA,NA,NA,NA,18,21
2021chicago,Advanced,Round of 32,Sun Hands,The Groundhogs,NA,NA,NA,NA,16,21
2021chicago,Advanced,Round of 32,Chicken Nuggets,No Pressure,NA,NA,NA,NA,21,15
2021chicago,Advanced,Round of 32,Chicken Nuggets,No Pressure,NA,NA,NA,NA,21,14
2021chicago,Advanced,Round of 32,3rd's Always Money,Locked-In,NA,NA,NA,NA,21,12
2021chicago,Advanced,Round of 32,3rd's Always Money,Locked-In,NA,NA,NA,NA,21,13
2021chicago,Advanced,Round of 32,Brotato Chip,Attack of the Insomniac,NA,NA,NA,NA,21,19
2021chicago,Advanced,Round of 32,Brotato Chip,Attack of the Insomniac,NA,NA,NA,NA,21,15
2021chicago,Advanced,Round of 32,Autopilot,Koopa Kids,NA,NA,NA,NA,16,21
2021chicago,Advanced,Round of 32,Autopilot,Koopa Kids,NA,NA,NA,NA,19,21
2021chicago,Advanced,Round of 32,24 seven,Smegdelan,NA,NA,NA,NA,21,18
2021chicago,Advanced,Round of 32,24 seven,Smegdelan,NA,NA,NA,NA,23,21
2021chicago,Advanced,Round of 32,On Two Tommy,Double Over Danger,NA,NA,NA,NA,25,27
2021chicago,Advanced,Round of 32,On Two Tommy,Double Over Danger,NA,NA,NA,NA,21,19
2021chicago,Advanced,Round of 32,On Two Tommy,Double Over Danger,NA,NA,NA,NA,16,21
2021chicago,Advanced,Round of 16,The Lesser Halves,Tweenie Hut Jr's,NA,NA,NA,NA,21,13
2021chicago,Advanced,Round of 16,The Lesser Halves,Tweenie Hut Jr's,NA,NA,NA,NA,21,13
2021chicago,Advanced,Round of 16,Drop outs,Glass half full,NA,NA,NA,NA,21,15
2021chicago,Advanced,Round of 16,Drop outs,Glass half full,NA,NA,NA,NA,21,13
2021chicago,Advanced,Round of 16,J-D,Colorado Spikeball,NA,NA,NA,NA,22,24
2021chicago,Advanced,Round of 16,J-D,Colorado Spikeball,NA,NA,NA,NA,21,13
2021chicago,Advanced,Round of 16,J-D,Colorado Spikeball,NA,NA,NA,NA,21,15
2021chicago,Advanced,Round of 16,Dad buds,Go Wheaties,NA,NA,NA,NA,22,20
2021chicago,Advanced,Round of 16,Dad buds,Go Wheaties,NA,NA,NA,NA,13,21
2021chicago,Advanced,Round of 16,Dad buds,Go Wheaties,NA,NA,NA,NA,21,17
2021chicago,Advanced,Round of 16,BeyBlades,The Groundhogs,NA,NA,NA,NA,32,30
2021chicago,Advanced,Round of 16,BeyBlades,The Groundhogs,NA,NA,NA,NA,21,16
2021chicago,Advanced,Round of 16,Chicken Nuggets,3rd's Always Money,NA,NA,NA,NA,21,17
2021chicago,Advanced,Round of 16,Chicken Nuggets,3rd's Always Money,NA,NA,NA,NA,22,20
2021chicago,Advanced,Round of 16,Brotato Chip,Koopa Kids,NA,NA,NA,NA,18,21
2021chicago,Advanced,Round of 16,Brotato Chip,Koopa Kids,NA,NA,NA,NA,21,17
2021chicago,Advanced,Round of 16,Brotato Chip,Koopa Kids,NA,NA,NA,NA,21,16
2021chicago,Advanced,Round of 16,24 seven,Double Over Danger,NA,NA,NA,NA,21,11
2021chicago,Advanced,Round of 16,24 seven,Double Over Danger,NA,NA,NA,NA,21,18
2021chicago,Advanced,Quarter-finals,The Lesser Halves,Drop outs,NA,NA,NA,NA,25,23
2021chicago,Advanced,Quarter-finals,The Lesser Halves,Drop outs,NA,NA,NA,NA,21,18
2021chicago,Advanced,Quarter-finals,J-D,Dad buds,NA,NA,NA,NA,14,21
2021chicago,Advanced,Quarter-finals,J-D,Dad buds,NA,NA,NA,NA,21,16
2021chicago,Advanced,Quarter-finals,J-D,Dad buds,NA,NA,NA,NA,24,22
2021chicago,Advanced,Quarter-finals,BeyBlades,Chicken Nuggets,NA,NA,NA,NA,19,21
2021chicago,Advanced,Quarter-finals,BeyBlades,Chicken Nuggets,NA,NA,NA,NA,21,13
2021chicago,Advanced,Quarter-finals,BeyBlades,Chicken Nuggets,NA,NA,NA,NA,21,13
2021chicago,Advanced,Quarter-finals,Brotato Chip,24 seven,NA,NA,NA,NA,21,19
2021chicago,Advanced,Quarter-finals,Brotato Chip,24 seven,NA,NA,NA,NA,21,15
2021chicago,Advanced,Semi-finals,The Lesser Halves,J-D,NA,NA,NA,NA,21,15
2021chicago,Advanced,Semi-finals,The Lesser Halves,J-D,NA,NA,NA,NA,21,17
2021chicago,Advanced,Semi-finals,BeyBlades,Brotato Chip,NA,NA,NA,NA,NA,NA
2021chicago,Advanced,Semi-finals,BeyBlades,Brotato Chip,NA,NA,NA,NA,NA,NA
2021chicago,Advanced,Semi-finals,BeyBlades,Brotato Chip,NA,NA,NA,NA,NA,NA
2021chicago,Advanced,P5: Semi-finals,Dad buds,Drop outs,NA,NA,NA,NA,NA,NA
2021chicago,Advanced,P5: Semi-finals,24 seven,Chicken Nuggets,NA,NA,NA,NA,18,21
2021chicago,Advanced,P9: Quarter-finals,Glass half full,Tweenie Hut Jr's,NA,NA,NA,NA,26,24
2021chicago,Advanced,P9: Quarter-finals,Go Wheaties,Colorado Spikeball,NA,NA,NA,NA,NA,NA
2021chicago,Advanced,P9: Quarter-finals,3rd's Always Money,The Groundhogs,NA,NA,NA,NA,NA,NA
2021chicago,Advanced,P9: Quarter-finals,Double Over Danger,Koopa Kids,NA,NA,NA,NA,NA,NA
2021chicago,Advanced,P17: Round of 16,Hotdog Water,Ace of Spikes,NA,NA,NA,NA,0,21
2021chicago,Advanced,P17: Round of 16,bekfst club,Lewis Flyers,NA,NA,NA,NA,25,27
2021chicago,Advanced,P17: Round of 16,Gruesome Twosome,$7 PBR,NA,NA,NA,NA,0,21
2021chicago,Advanced,P17: Round of 16,The Fresh-Men,21 Point Pansies,NA,NA,NA,NA,0,21
2021chicago,Advanced,P17: Round of 16,Sun Hands,Dub Club,NA,NA,NA,NA,21,10
2021chicago,Advanced,P17: Round of 16,Locked-In,No Pressure,NA,NA,NA,NA,17,21
2021chicago,Advanced,P17: Round of 16,Autopilot,Attack of the Insomniac,NA,NA,NA,NA,25,23
2021chicago,Advanced,P17: Round of 16,On Two Tommy,Smegdelan,NA,NA,NA,NA,0,21
2021chicago,Advanced,P17: Quarter-finals,Ace of Spikes,Lewis Flyers,NA,NA,NA,NA,21,0
2021chicago,Advanced,P17: Quarter-finals,$7 PBR,21 Point Pansies,NA,NA,NA,NA,18,21
2021chicago,Advanced,P17: Quarter-finals,Sun Hands,No Pressure,NA,NA,NA,NA,21,13
2021chicago,Advanced,P17: Quarter-finals,Autopilot,Smegdelan,NA,NA,NA,NA,19,21
2021chicago,Advanced,P17: Semi-finals,Ace of Spikes,21 Point Pansies,NA,NA,NA,NA,21,18
2021chicago,Advanced,P17: Semi-finals,Sun Hands,Smegdelan,NA,NA,NA,NA,17,21
2021chicago,Advanced,17th place,Ace of Spikes,Smegdelan,NA,NA,NA,NA,NA,NA
2021chicago,Advanced,19th place,Sun Hands,21 Point Pansies,NA,NA,NA,NA,NA,NA
2021chicago,Advanced,P21: Semi-finals,$7 PBR,Lewis Flyers,NA,NA,NA,NA,NA,NA
2021chicago,Advanced,P21: Semi-finals,Autopilot,No Pressure,NA,NA,NA,NA,NA,NA
2021chicago,Advanced,P25: Quarter-finals,bekfst club,Hotdog Water,NA,NA,NA,NA,NA,NA
2021chicago,Advanced,P25: Quarter-finals,The Fresh-Men,Gruesome Twosome,NA,NA,NA,NA,NA,NA
2021chicago,Advanced,P25: Quarter-finals,Locked-In,Dub Club,NA,NA,NA,NA,0,21
2021chicago,Advanced,P25: Quarter-finals,On Two Tommy,Attack of the Insomniac,NA,NA,NA,NA,0,21
2021chicago,Advanced,P25: Semi-finals,Dub Club,Attack of the Insomniac,NA,NA,NA,NA,19,21
2021chicago,Advanced,P29: Semi-finals,On Two Tommy,Locked-In,NA,NA,NA,NA,NA,NA
2021chicago,Advanced,P33: Final,FYBAN,It's Milk or Nothing,NA,NA,NA,NA,21,0
2021chicago,Intermediate,Round of 32,Dixon Balls,UniqueNameHere,NA,NA,NA,NA,21,15
2021chicago,Intermediate,Round of 32,Dixon Balls,UniqueNameHere,NA,NA,NA,NA,21,16
2021chicago,Intermediate,Round of 32,DnA,Icy Hot Afficionados,NA,NA,NA,NA,21,15
2021chicago,Intermediate,Round of 32,DnA,Icy Hot Afficionados,NA,NA,NA,NA,21,17
2021chicago,Intermediate,Round of 32,The Editors,Inconsistently Decent,NA,NA,NA,NA,21,5
2021chicago,Intermediate,Round of 32,The Editors,Inconsistently Decent,NA,NA,NA,NA,21,8
2021chicago,Intermediate,Round of 32,Vincent FwanGogh,Niles Thugs,NA,NA,NA,NA,21,14
2021chicago,Intermediate,Round of 32,Vincent FwanGogh,Niles Thugs,NA,NA,NA,NA,21,9
2021chicago,Intermediate,Round of 32,Bussin Backhands,Thunder Hawks,NA,NA,NA,NA,21,15
2021chicago,Intermediate,Round of 32,Bussin Backhands,Thunder Hawks,NA,NA,NA,NA,21,18
2021chicago,Intermediate,Round of 16,Halo.Two Betrayals.Legendary,Dixon Balls,NA,NA,NA,NA,23,21
2021chicago,Intermediate,Round of 16,Halo.Two Betrayals.Legendary,Dixon Balls,NA,NA,NA,NA,21,18
2021chicago,Intermediate,Round of 16,Point-a-palooza,Suns in 4,NA,NA,NA,NA,22,24
2021chicago,Intermediate,Round of 16,Point-a-palooza,Suns in 4,NA,NA,NA,NA,21,19
2021chicago,Intermediate,Round of 16,Point-a-palooza,Suns in 4,NA,NA,NA,NA,23,21
2021chicago,Intermediate,Round of 16,Hog Riders,DnA,NA,NA,NA,NA,21,14
2021chicago,Intermediate,Round of 16,Hog Riders,DnA,NA,NA,NA,NA,21,17
2021chicago,Intermediate,Round of 16,Cool Beanz,The Editors,NA,NA,NA,NA,16,21
2021chicago,Intermediate,Round of 16,Cool Beanz,The Editors,NA,NA,NA,NA,21,12
2021chicago,Intermediate,Round of 16,Cool Beanz,The Editors,NA,NA,NA,NA,21,11
2021chicago,Intermediate,Round of 16,Saved by the Ball,Vincent FwanGogh,NA,NA,NA,NA,18,21
2021chicago,Intermediate,Round of 16,Saved by the Ball,Vincent FwanGogh,NA,NA,NA,NA,17,21
2021chicago,Intermediate,Round of 16,The Salamanders,Cows,NA,NA,NA,NA,14,21
2021chicago,Intermediate,Round of 16,The Salamanders,Cows,NA,NA,NA,NA,18,21
2021chicago,Intermediate,Round of 16,Corn Smugglers,Bussin Backhands,NA,NA,NA,NA,19,21
2021chicago,Intermediate,Round of 16,Corn Smugglers,Bussin Backhands,NA,NA,NA,NA,19,21
2021chicago,Intermediate,Round of 16,Mission Unblockable,Aliq's Aces,NA,NA,NA,NA,21,19
2021chicago,Intermediate,Round of 16,Mission Unblockable,Aliq's Aces,NA,NA,NA,NA,21,13
2021chicago,Intermediate,Quarter-finals,Halo.Two Betrayals.Legendary,Point-a-palooza,NA,NA,NA,NA,27,25
2021chicago,Intermediate,Quarter-finals,Halo.Two Betrayals.Legendary,Point-a-palooza,NA,NA,NA,NA,17,21
2021chicago,Intermediate,Quarter-finals,Halo.Two Betrayals.Legendary,Point-a-palooza,NA,NA,NA,NA,20,22
2021chicago,Intermediate,Quarter-finals,Hog Riders,Cool Beanz,NA,NA,NA,NA,13,21
2021chicago,Intermediate,Quarter-finals,Hog Riders,Cool Beanz,NA,NA,NA,NA,21,19
2021chicago,Intermediate,Quarter-finals,Hog Riders,Cool Beanz,NA,NA,NA,NA,21,19
2021chicago,Intermediate,Quarter-finals,Vincent FwanGogh,Cows,NA,NA,NA,NA,25,27
2021chicago,Intermediate,Quarter-finals,Vincent FwanGogh,Cows,NA,NA,NA,NA,19,21
2021chicago,Intermediate,Quarter-finals,Bussin Backhands,Mission Unblockable,NA,NA,NA,NA,20,22
2021chicago,Intermediate,Quarter-finals,Bussin Backhands,Mission Unblockable,NA,NA,NA,NA,22,20
2021chicago,Intermediate,Quarter-finals,Bussin Backhands,Mission Unblockable,NA,NA,NA,NA,20,22
2021chicago,Intermediate,Semi-finals,Point-a-palooza,Hog Riders,NA,NA,NA,NA,21,16
2021chicago,Intermediate,Semi-finals,Point-a-palooza,Hog Riders,NA,NA,NA,NA,21,19
2021chicago,Intermediate,Semi-finals,Cows,Mission Unblockable,NA,NA,NA,NA,21,19
2021chicago,Intermediate,Semi-finals,Cows,Mission Unblockable,NA,NA,NA,NA,23,21
2021chicago,Intermediate,1st place,Point-a-palooza,Cows,NA,NA,NA,NA,21,16
2021chicago,Intermediate,1st place,Point-a-palooza,Cows,NA,NA,NA,NA,21,19
2021chicago,Intermediate,3rd place,Mission Unblockable,Hog Riders,NA,NA,NA,NA,21,19
2021chicago,Intermediate,3rd place,Mission Unblockable,Hog Riders,NA,NA,NA,NA,23,21
2021chicago,Intermediate,P5: Semi-finals,Cool Beanz,Halo.Two Betrayals.Legendary,NA,NA,NA,NA,NA,NA
2021chicago,Intermediate,P5: Semi-finals,Bussin Backhands,Vincent FwanGogh,NA,NA,NA,NA,NA,NA
2021chicago,Intermediate,P9: Quarter-finals,Suns in 4,Dixon Balls,NA,NA,NA,NA,NA,NA
2021chicago,Intermediate,P9: Quarter-finals,The Editors,DnA,NA,NA,NA,NA,21,16
2021chicago,Intermediate,P9: Quarter-finals,The Salamanders,Saved by the Ball,NA,NA,NA,NA,NA,NA
2021chicago,Intermediate,P9: Quarter-finals,Aliq's Aces,Corn Smugglers,NA,NA,NA,NA,NA,NA
2021chicago,Intermediate,P17: Quarter-finals,Icy Hot Afficionados,Inconsistently Decent,NA,NA,NA,NA,21,0
2021chicago,Intermediate,P17: Semi-finals,UniqueNameHere,Icy Hot Afficionados,NA,NA,NA,NA,0,21
2021chicago,Intermediate,P17: Semi-finals,Niles Thugs,Thunder Hawks,NA,NA,NA,NA,NA,NA
2021chicago,High School,Quarter-finals,Double Trouble,Ram Ranchers,NA,NA,NA,NA,12,21
2021chicago,High School,Quarter-finals,Double Trouble,Ram Ranchers,NA,NA,NA,NA,15,21
2021chicago,High School,Quarter-finals,Double Trouble,Ram Ranchers,NA,NA,NA,NA,21,18
2021chicago,High School,Quarter-finals,Juke Squad,Stud Muffins,NA,NA,NA,NA,21,12
2021chicago,High School,Quarter-finals,Juke Squad,Stud Muffins,NA,NA,NA,NA,21,8
2021chicago,High School,Semi-finals,Fifteen Fifteen,Ram Ranchers,NA,NA,NA,NA,21,7
2021chicago,High School,Semi-finals,Fifteen Fifteen,Ram Ranchers,NA,NA,NA,NA,21,11
2021chicago,High School,Semi-finals,Cashews,Juke Squad,NA,NA,NA,NA,21,14
2021chicago,High School,Semi-finals,Cashews,Juke Squad,NA,NA,NA,NA,21,19
2021chicago,High School,1st place,Fifteen Fifteen,Cashews,NA,NA,NA,NA,16,21
2021chicago,High School,1st place,Fifteen Fifteen,Cashews,NA,NA,NA,NA,25,23
2021chicago,High School,1st place,Fifteen Fifteen,Cashews,NA,NA,NA,NA,22,24
2021chicago,High School,3rd place,Juke Squad,Ram Ranchers,NA,NA,NA,NA,18,21
2021chicago,High School,3rd place,Juke Squad,Ram Ranchers,NA,NA,NA,NA,21,15
2021chicago,High School,3rd place,Juke Squad,Ram Ranchers,NA,NA,NA,NA,21,13
2021chicago,High School,P5: Final,Double Trouble,Stud Muffins,NA,NA,NA,NA,NA,NA
2021chicago,Women's,Round of 16,Mamis,FreeDub,NA,NA,NA,NA,1,0
2021chicago,Women's,Round of 16,Mamis,FreeDub,NA,NA,NA,NA,1,0
2021chicago,Women's,Round of 16,"2 Jumpers, 4 Bad Knees",hugs not drugs,NA,NA,NA,NA,1,0
2021chicago,Women's,Round of 16,"2 Jumpers, 4 Bad Knees",hugs not drugs,NA,NA,NA,NA,1,0
2021chicago,Women's,Round of 16,Frozen Grapes,XtraTuf Spikers,NA,NA,NA,NA,1,0
2021chicago,Women's,Round of 16,Frozen Grapes,XtraTuf Spikers,NA,NA,NA,NA,1,0
2021chicago,Women's,Round of 16,Something Intimidating,Bunda Babes,NA,NA,NA,NA,21,5
2021chicago,Women's,Round of 16,Something Intimidating,Bunda Babes,NA,NA,NA,NA,21,7
2021chicago,Women's,Quarter-finals,Jenki/Pierson,Mamis,NA,NA,NA,NA,1,0
2021chicago,Women's,Quarter-finals,Jenki/Pierson,Mamis,NA,NA,NA,NA,1,0
2021chicago,Women's,Quarter-finals,Showalter/Shrock,"2 Jumpers, 4 Bad Knees",NA,NA,NA,NA,1,0
2021chicago,Women's,Quarter-finals,Showalter/Shrock,"2 Jumpers, 4 Bad Knees",NA,NA,NA,NA,1,0
2021chicago,Women's,Quarter-finals,Ugly Barnacles,Frozen Grapes,NA,NA,NA,NA,21,16
2021chicago,Women's,Quarter-finals,Ugly Barnacles,Frozen Grapes,NA,NA,NA,NA,21,17
2021chicago,Women's,Quarter-finals,Straight Outta Kali,Something Intimidating,NA,NA,NA,NA,21,19
2021chicago,Women's,Quarter-finals,Straight Outta Kali,Something Intimidating,NA,NA,NA,NA,21,17
2021chicago,Women's,Semi-finals,Jenki/Pierson,Showalter/Shrock,NA,NA,NA,NA,1,0
2021chicago,Women's,Semi-finals,Jenki/Pierson,Showalter/Shrock,NA,NA,NA,NA,1,0
2021chicago,Women's,Semi-finals,Ugly Barnacles,Straight Outta Kali,NA,NA,NA,NA,0,1
2021chicago,Women's,Semi-finals,Ugly Barnacles,Straight Outta Kali,NA,NA,NA,NA,0,1
2021chicago,Women's,1st place,Jenki/Pierson,Straight Outta Kali,NA,NA,NA,NA,28,26
2021chicago,Women's,1st place,Jenki/Pierson,Straight Outta Kali,NA,NA,NA,NA,17,21
2021chicago,Women's,1st place,Jenki/Pierson,Straight Outta Kali,NA,NA,NA,NA,21,17
2021chicago,Women's,3rd place,Ugly Barnacles,Showalter/Shrock,NA,NA,NA,NA,NA,NA
2021chicago,Women's,3rd place,Ugly Barnacles,Showalter/Shrock,NA,NA,NA,NA,NA,NA
2021chicago,Women's,3rd place,Ugly Barnacles,Showalter/Shrock,NA,NA,NA,NA,NA,NA
2021chicago,Women's,P5: Semi-finals,"2 Jumpers, 4 Bad Knees",Mamis,NA,NA,NA,NA,1,0
2021chicago,Women's,P5: Semi-finals,Something Intimidating,Frozen Grapes,NA,NA,NA,NA,1,0
2021chicago,Women's,5th place,"2 Jumpers, 4 Bad Knees",Something Intimidating,NA,NA,NA,NA,0,1
2021chicago,Women's,7th place,Frozen Grapes,Mamis,NA,NA,NA,NA,NA,NA
2021chicago,Women's,P9: Semi-finals,FreeDub,hugs not drugs,NA,NA,NA,NA,2,0
2021chicago,Women's,P9: Semi-finals,XtraTuf Spikers,Bunda Babes,NA,NA,NA,NA,0,2
2021chicago,Women's,9th place,FreeDub,Bunda Babes,NA,NA,NA,NA,0,2
2021chicago,Women's,11th place,XtraTuf Spikers,hugs not drugs,NA,NA,NA,NA,NA,NA