"tourney","Division","Round","Team1","Team2","T1P1","T1P2","T2P1","T2P2","t1score","t2score"
"2021saltlakecity","Premier","Pool","Finocchurch","Hot Jam","Gabe Finocchi","Taylor Church","Andrew Stevens","Dylan Bricker",21,12
"2021saltlakecity","Premier","Pool","Finocchurch","Hot Jam","Gabe Finocchi","Taylor Church","Andrew Stevens","Dylan Bricker",21,15
"2021saltlakecity","Premier","Pool","Nalgas Grandes","Los & Len","Solomon Berry","Zack Duffy","Carlos Yvellez","Allen Iwamoto",28,30
"2021saltlakecity","Premier","Pool","Nalgas Grandes","Los & Len","Solomon Berry","Zack Duffy","Carlos Yvellez","Allen Iwamoto",19,21
"2021saltlakecity","Premier","Pool","Nalgas Grandes","Los & Len","Solomon Berry","Zack Duffy","Carlos Yvellez","Allen Iwamoto",23,21
"2021saltlakecity","Premier","Pool","Seg Fault","“Carry”","Garrett Hornok","Rahul Murthy","Jalen Butkus","Luke Freimanis",21,16
"2021saltlakecity","Premier","Pool","Seg Fault","“Carry”","Garrett Hornok","Rahul Murthy","Jalen Butkus","Luke Freimanis",21,11
"2021saltlakecity","Premier","Pool","Gucci Synonymous","Da Boy's Bois","Gage Maddox","Tyler Stokes","Warner Curtis","AJ Hutchinson",25,23
"2021saltlakecity","Premier","Pool","Gucci Synonymous","Da Boy's Bois","Gage Maddox","Tyler Stokes","Warner Curtis","AJ Hutchinson",21,16
"2021saltlakecity","Premier","Pool","Trippy Lizard","Sports and Trevor","Clark Marshall","Andrew Card","Trevor Barbosa","Jackson Brasfield",21,18
"2021saltlakecity","Premier","Pool","Trippy Lizard","Sports and Trevor","Clark Marshall","Andrew Card","Trevor Barbosa","Jackson Brasfield",21,16
"2021saltlakecity","Premier","Pool","DO is Trash","WySpike Toxicity","Luke Marshall","Michael Hsu","Luke Mowry","David Louis",16,21
"2021saltlakecity","Premier","Pool","DO is Trash","WySpike Toxicity","Luke Marshall","Michael Hsu","Luke Mowry","David Louis",18,21
"2021saltlakecity","Premier","Pool","Bud N' Boles","Saint and Slade","Skyler Boles","Craig Hammon","Ryan St. Denis","Slade Warner",21,18
"2021saltlakecity","Premier","Pool","Bud N' Boles","Saint and Slade","Skyler Boles","Craig Hammon","Ryan St. Denis","Slade Warner",15,21
"2021saltlakecity","Premier","Pool","Bud N' Boles","Saint and Slade","Skyler Boles","Craig Hammon","Ryan St. Denis","Slade Warner",21,19
"2021saltlakecity","Premier","Pool","The Klondike Bars","Floppy pandas","Chandler Hertzler","Caleb Jarrett","Christian Bennett","Conner Prelich",21,14
"2021saltlakecity","Premier","Pool","The Klondike Bars","Floppy pandas","Chandler Hertzler","Caleb Jarrett","Christian Bennett","Conner Prelich",18,21
"2021saltlakecity","Premier","Pool","The Klondike Bars","Floppy pandas","Chandler Hertzler","Caleb Jarrett","Christian Bennett","Conner Prelich",21,13
"2021saltlakecity","Premier","Pool","Knotty","Ocean Daddies","Jarratt Rouse","Ryan Fitzgerald","Josh Wheadon","Kamden Hundersmarck",21,12
"2021saltlakecity","Premier","Pool","Knotty","Ocean Daddies","Jarratt Rouse","Ryan Fitzgerald","Josh Wheadon","Kamden Hundersmarck",21,11
"2021saltlakecity","Premier","Pool","Outside Smoke","Thirty-Two","Noah Luskus","Grant Laughlin","Matt Ortlip","Ryan Oswalt",26,24
"2021saltlakecity","Premier","Pool","Outside Smoke","Thirty-Two","Noah Luskus","Grant Laughlin","Matt Ortlip","Ryan Oswalt",19,21
"2021saltlakecity","Premier","Pool","Outside Smoke","Thirty-Two","Noah Luskus","Grant Laughlin","Matt Ortlip","Ryan Oswalt",21,17
"2021saltlakecity","Premier","Pool","Lee and Mushi","Left on “Read”<U+0001F620><U+2639><U+FE0F><U+0001F915>","Austin Rawlings","Jacob Payer","Bryce Young","Matt Murray",23,21
"2021saltlakecity","Premier","Pool","Lee and Mushi","Left on “Read”<U+0001F620><U+2639><U+FE0F><U+0001F915>","Austin Rawlings","Jacob Payer","Bryce Young","Matt Murray",21,13
"2021saltlakecity","Premier","Pool","5'6""","Spicy Yogurt","Warren Foote","Kenny Ortega","Ian Golembeski","Kane Rickman",21,17
"2021saltlakecity","Premier","Pool","5'6""","Spicy Yogurt","Warren Foote","Kenny Ortega","Ian Golembeski","Kane Rickman",32,30
"2021saltlakecity","Premier","Pool","Finocchurch","Los & Len","Gabe Finocchi","Taylor Church","Carlos Yvellez","Allen Iwamoto",21,13
"2021saltlakecity","Premier","Pool","Finocchurch","Los & Len","Gabe Finocchi","Taylor Church","Carlos Yvellez","Allen Iwamoto",21,13
"2021saltlakecity","Premier","Pool","Big Al’s and Lil Con’s Great Adventure","Hot Jam","Alex Goates","Connor Winters","Andrew Stevens","Dylan Bricker",20,22
"2021saltlakecity","Premier","Pool","Big Al’s and Lil Con’s Great Adventure","Hot Jam","Alex Goates","Connor Winters","Andrew Stevens","Dylan Bricker",21,18
"2021saltlakecity","Premier","Pool","Big Al’s and Lil Con’s Great Adventure","Hot Jam","Alex Goates","Connor Winters","Andrew Stevens","Dylan Bricker",26,28
"2021saltlakecity","Premier","Pool","Seg Fault","Da Boy's Bois","Garrett Hornok","Rahul Murthy","Warner Curtis","AJ Hutchinson",21,11
"2021saltlakecity","Premier","Pool","Seg Fault","Da Boy's Bois","Garrett Hornok","Rahul Murthy","Warner Curtis","AJ Hutchinson",20,22
"2021saltlakecity","Premier","Pool","Seg Fault","Da Boy's Bois","Garrett Hornok","Rahul Murthy","Warner Curtis","AJ Hutchinson",21,6
"2021saltlakecity","Premier","Pool","Texas Sucks","“Carry”","Andrew Kosche","Dean Wasil","Jalen Butkus","Luke Freimanis",22,24
"2021saltlakecity","Premier","Pool","Texas Sucks","“Carry”","Andrew Kosche","Dean Wasil","Jalen Butkus","Luke Freimanis",21,18
"2021saltlakecity","Premier","Pool","Texas Sucks","“Carry”","Andrew Kosche","Dean Wasil","Jalen Butkus","Luke Freimanis",21,16
"2021saltlakecity","Premier","Pool","Trippy Lizard","WySpike Toxicity","Clark Marshall","Andrew Card","Luke Mowry","David Louis",17,21
"2021saltlakecity","Premier","Pool","Trippy Lizard","WySpike Toxicity","Clark Marshall","Andrew Card","Luke Mowry","David Louis",17,21
"2021saltlakecity","Premier","Pool","DO is Trash","Sports and Trevor","Luke Marshall","Michael Hsu","Trevor Barbosa","Jackson Brasfield",21,19
"2021saltlakecity","Premier","Pool","DO is Trash","Sports and Trevor","Luke Marshall","Michael Hsu","Trevor Barbosa","Jackson Brasfield",21,15
"2021saltlakecity","Premier","Pool","Bud N' Boles","Floppy pandas","Skyler Boles","Craig Hammon","Christian Bennett","Conner Prelich",19,21
"2021saltlakecity","Premier","Pool","Bud N' Boles","Floppy pandas","Skyler Boles","Craig Hammon","Christian Bennett","Conner Prelich",21,11
"2021saltlakecity","Premier","Pool","Bud N' Boles","Floppy pandas","Skyler Boles","Craig Hammon","Christian Bennett","Conner Prelich",21,17
"2021saltlakecity","Premier","Pool","The Klondike Bars","Saint and Slade","Chandler Hertzler","Caleb Jarrett","Ryan St. Denis","Slade Warner",21,16
"2021saltlakecity","Premier","Pool","The Klondike Bars","Saint and Slade","Chandler Hertzler","Caleb Jarrett","Ryan St. Denis","Slade Warner",21,10
"2021saltlakecity","Premier","Pool","Knotty","Thirty-Two","Jarratt Rouse","Ryan Fitzgerald","Matt Ortlip","Ryan Oswalt",21,16
"2021saltlakecity","Premier","Pool","Knotty","Thirty-Two","Jarratt Rouse","Ryan Fitzgerald","Matt Ortlip","Ryan Oswalt",21,18
"2021saltlakecity","Premier","Pool","Outside Smoke","Ocean Daddies","Noah Luskus","Grant Laughlin","Josh Wheadon","Kamden Hundersmarck",21,16
"2021saltlakecity","Premier","Pool","Outside Smoke","Ocean Daddies","Noah Luskus","Grant Laughlin","Josh Wheadon","Kamden Hundersmarck",21,19
"2021saltlakecity","Premier","Pool","Lee and Mushi","Spicy Yogurt","Austin Rawlings","Jacob Payer","Ian Golembeski","Kane Rickman",24,26
"2021saltlakecity","Premier","Pool","Lee and Mushi","Spicy Yogurt","Austin Rawlings","Jacob Payer","Ian Golembeski","Kane Rickman",21,17
"2021saltlakecity","Premier","Pool","Lee and Mushi","Spicy Yogurt","Austin Rawlings","Jacob Payer","Ian Golembeski","Kane Rickman",19,21
"2021saltlakecity","Premier","Pool","5'6""","Left on “Read”<U+0001F620><U+2639><U+FE0F><U+0001F915>","Warren Foote","Kenny Ortega","Bryce Young","Matt Murray",21,12
"2021saltlakecity","Premier","Pool","5'6""","Left on “Read”<U+0001F620><U+2639><U+FE0F><U+0001F915>","Warren Foote","Kenny Ortega","Bryce Young","Matt Murray",21,14
"2021saltlakecity","Premier","Pool","Finocchurch","Big Al’s and Lil Con’s Great Adventure","Gabe Finocchi","Taylor Church","Alex Goates","Connor Winters",21,15
"2021saltlakecity","Premier","Pool","Finocchurch","Big Al’s and Lil Con’s Great Adventure","Gabe Finocchi","Taylor Church","Alex Goates","Connor Winters",21,13
"2021saltlakecity","Premier","Pool","Nalgas Grandes","Hot Jam","Solomon Berry","Zack Duffy","Andrew Stevens","Dylan Bricker",21,15
"2021saltlakecity","Premier","Pool","Nalgas Grandes","Hot Jam","Solomon Berry","Zack Duffy","Andrew Stevens","Dylan Bricker",21,16
"2021saltlakecity","Premier","Pool","Seg Fault","Texas Sucks","Garrett Hornok","Rahul Murthy","Andrew Kosche","Dean Wasil",21,13
"2021saltlakecity","Premier","Pool","Seg Fault","Texas Sucks","Garrett Hornok","Rahul Murthy","Andrew Kosche","Dean Wasil",21,11
"2021saltlakecity","Premier","Pool","Gucci Synonymous","“Carry”","Gage Maddox","Tyler Stokes","Jalen Butkus","Luke Freimanis",19,21
"2021saltlakecity","Premier","Pool","Gucci Synonymous","“Carry”","Gage Maddox","Tyler Stokes","Jalen Butkus","Luke Freimanis",16,21
"2021saltlakecity","Premier","Pool","Trippy Lizard","DO is Trash","Clark Marshall","Andrew Card","Luke Marshall","Michael Hsu",21,17
"2021saltlakecity","Premier","Pool","Trippy Lizard","DO is Trash","Clark Marshall","Andrew Card","Luke Marshall","Michael Hsu",27,29
"2021saltlakecity","Premier","Pool","Trippy Lizard","DO is Trash","Clark Marshall","Andrew Card","Luke Marshall","Michael Hsu",21,14
"2021saltlakecity","Premier","Pool","WySpike Toxicity","Sports and Trevor","Luke Mowry","David Louis","Trevor Barbosa","Jackson Brasfield",21,10
"2021saltlakecity","Premier","Pool","WySpike Toxicity","Sports and Trevor","Luke Mowry","David Louis","Trevor Barbosa","Jackson Brasfield",21,16
"2021saltlakecity","Premier","Pool","Bud N' Boles","The Klondike Bars","Skyler Boles","Craig Hammon","Chandler Hertzler","Caleb Jarrett",17,21
"2021saltlakecity","Premier","Pool","Bud N' Boles","The Klondike Bars","Skyler Boles","Craig Hammon","Chandler Hertzler","Caleb Jarrett",16,21
"2021saltlakecity","Premier","Pool","Floppy pandas","Saint and Slade","Christian Bennett","Conner Prelich","Ryan St. Denis","Slade Warner",7,21
"2021saltlakecity","Premier","Pool","Floppy pandas","Saint and Slade","Christian Bennett","Conner Prelich","Ryan St. Denis","Slade Warner",24,26
"2021saltlakecity","Premier","Pool","Knotty","Outside Smoke","Jarratt Rouse","Ryan Fitzgerald","Noah Luskus","Grant Laughlin",14,21
"2021saltlakecity","Premier","Pool","Knotty","Outside Smoke","Jarratt Rouse","Ryan Fitzgerald","Noah Luskus","Grant Laughlin",19,21
"2021saltlakecity","Premier","Pool","Thirty-Two","Ocean Daddies","Matt Ortlip","Ryan Oswalt","Josh Wheadon","Kamden Hundersmarck",21,13
"2021saltlakecity","Premier","Pool","Thirty-Two","Ocean Daddies","Matt Ortlip","Ryan Oswalt","Josh Wheadon","Kamden Hundersmarck",21,12
"2021saltlakecity","Premier","Pool","Lee and Mushi","5'6""","Austin Rawlings","Jacob Payer","Warren Foote","Kenny Ortega",26,28
"2021saltlakecity","Premier","Pool","Lee and Mushi","5'6""","Austin Rawlings","Jacob Payer","Warren Foote","Kenny Ortega",21,18
"2021saltlakecity","Premier","Pool","Lee and Mushi","5'6""","Austin Rawlings","Jacob Payer","Warren Foote","Kenny Ortega",15,21
"2021saltlakecity","Premier","Pool","Spicy Yogurt","Left on “Read”<U+0001F620><U+2639><U+FE0F><U+0001F915>","Ian Golembeski","Kane Rickman","Bryce Young","Matt Murray",21,16
"2021saltlakecity","Premier","Pool","Spicy Yogurt","Left on “Read”<U+0001F620><U+2639><U+FE0F><U+0001F915>","Ian Golembeski","Kane Rickman","Bryce Young","Matt Murray",21,13
"2021saltlakecity","Premier","Pool","Nalgas Grandes","Big Al’s and Lil Con’s Great Adventure","Solomon Berry","Zack Duffy","Alex Goates","Connor Winters",18,21
"2021saltlakecity","Premier","Pool","Nalgas Grandes","Big Al’s and Lil Con’s Great Adventure","Solomon Berry","Zack Duffy","Alex Goates","Connor Winters",34,36
"2021saltlakecity","Premier","Pool","Los & Len","Hot Jam","Carlos Yvellez","Allen Iwamoto","Andrew Stevens","Dylan Bricker",21,13
"2021saltlakecity","Premier","Pool","Los & Len","Hot Jam","Carlos Yvellez","Allen Iwamoto","Andrew Stevens","Dylan Bricker",21,14
"2021saltlakecity","Premier","Pool","Gucci Synonymous","Texas Sucks","Gage Maddox","Tyler Stokes","Andrew Kosche","Dean Wasil",23,21
"2021saltlakecity","Premier","Pool","Gucci Synonymous","Texas Sucks","Gage Maddox","Tyler Stokes","Andrew Kosche","Dean Wasil",21,16
"2021saltlakecity","Premier","Pool","Da Boy's Bois","“Carry”","Warner Curtis","AJ Hutchinson","Jalen Butkus","Luke Freimanis",21,18
"2021saltlakecity","Premier","Pool","Da Boy's Bois","“Carry”","Warner Curtis","AJ Hutchinson","Jalen Butkus","Luke Freimanis",21,17
"2021saltlakecity","Premier","Pool","Finocchurch","Nalgas Grandes","Gabe Finocchi","Taylor Church","Solomon Berry","Zack Duffy",21,15
"2021saltlakecity","Premier","Pool","Finocchurch","Nalgas Grandes","Gabe Finocchi","Taylor Church","Solomon Berry","Zack Duffy",21,11
"2021saltlakecity","Premier","Pool","Big Al’s and Lil Con’s Great Adventure","Los & Len","Alex Goates","Connor Winters","Carlos Yvellez","Allen Iwamoto",13,21
"2021saltlakecity","Premier","Pool","Big Al’s and Lil Con’s Great Adventure","Los & Len","Alex Goates","Connor Winters","Carlos Yvellez","Allen Iwamoto",15,21
"2021saltlakecity","Premier","Pool","Seg Fault","Gucci Synonymous","Garrett Hornok","Rahul Murthy","Gage Maddox","Tyler Stokes",28,26
"2021saltlakecity","Premier","Pool","Seg Fault","Gucci Synonymous","Garrett Hornok","Rahul Murthy","Gage Maddox","Tyler Stokes",21,18
"2021saltlakecity","Premier","Pool","Texas Sucks","Da Boy's Bois","Andrew Kosche","Dean Wasil","Warner Curtis","AJ Hutchinson",21,19
"2021saltlakecity","Premier","Pool","Texas Sucks","Da Boy's Bois","Andrew Kosche","Dean Wasil","Warner Curtis","AJ Hutchinson",21,19
"2021saltlakecity","Contender","Pool","PPM","What's Quakin?!","Devin Tuttle","Ashton Smith","Wayde Hall","Sean Bjork",21,15
"2021saltlakecity","Contender","Pool","Headassery","Got Milk?","Dennis Wei","Josh Hutko (Partchfield)","Trevor Zaleski","Cade Laughlin",23,21
"2021saltlakecity","Contender","Pool","Spikeball Thieves","Empire Spikes Back","Garrett Carver","Dallin Zibetti","Cody Brower","Max Spence",21,15
"2021saltlakecity","Contender","Pool","Drip Drop","Disciples of Newt","Grant Marriott","Jake LeBaron","Reilly Blakeslee","Logan Blakeslee",21,5
"2021saltlakecity","Contender","Pool","Low Expectations","Dropper Gangers","Jack Selby","Dylan Medveal","Brian Hansen","Dylan LeBaron",21,16
"2021saltlakecity","Contender","Pool","Finna Dab","Sanford’s Children","Tal Rogers","Lincoln Hertzler","Jaxon Rich","Kannon Forbush",11,21
"2021saltlakecity","Contender","Pool","Dirty Spanks","FETCH EVERYONE","Kaleb Wagner","Talor Garrison","Remi Prince","Daniel Feller",21,15
"2021saltlakecity","Contender","Pool","Amateur Hour","Key to the Realm","Caleb Wong","Ethan Zehr","Keyan McLaughlin","Holden Cave",24,22
"2021saltlakecity","Contender","Pool","Treymango","Spikin Chiclets","Trey Thompson","Alex Tamang","Lindros Beard","Mo Beard",21,14
"2021saltlakecity","Contender","Pool","Ball sackers","J-squared spike","Brooks Massey","Anthony Clifford","John Hickmott","Jake Foutz",21,11
"2021saltlakecity","Contender","Pool","CVS","Spikedelic","Benjamin Bliss","Derek Bonney","Justin Anderson","Braydon Cumming",21,14
"2021saltlakecity","Contender","Pool","Wong/(Will) Foote","Orange Chicken","William Foote","Caleb Wong","Brennen Brumm","Sterling Young",21,11
"2021saltlakecity","Contender","Pool","Kool aid Kids","Blinngo Ball Indulgence","Camden Sandberg","Benson Goates","Nate Ellis","Bryan Fuss",21,14
"2021saltlakecity","Contender","Pool","PPM","Got Milk?","Devin Tuttle","Ashton Smith","Trevor Zaleski","Cade Laughlin",21,9
"2021saltlakecity","Contender","Pool","Headassery","Spikeball Thieves","Dennis Wei","Josh Hutko (Partchfield)","Garrett Carver","Dallin Zibetti",15,21
"2021saltlakecity","Contender","Pool","Empire Spikes Back","What's Quakin?!","Cody Brower","Max Spence","Wayde Hall","Sean Bjork",21,18
"2021saltlakecity","Contender","Pool","Drip Drop","Dropper Gangers","Grant Marriott","Jake LeBaron","Brian Hansen","Dylan LeBaron",21,12
"2021saltlakecity","Contender","Pool","Low Expectations","Finna Dab","Jack Selby","Dylan Medveal","Tal Rogers","Lincoln Hertzler",21,18
"2021saltlakecity","Contender","Pool","Sanford’s Children","Disciples of Newt","Jaxon Rich","Kannon Forbush","Reilly Blakeslee","Logan Blakeslee",21,12
"2021saltlakecity","Contender","Pool","Dirty Spanks","Key to the Realm","Kaleb Wagner","Talor Garrison","Keyan McLaughlin","Holden Cave",9,21
"2021saltlakecity","Contender","Pool","Amateur Hour","Treymango","Caleb Wong","Ethan Zehr","Trey Thompson","Alex Tamang",21,18
"2021saltlakecity","Contender","Pool","Spikin Chiclets","FETCH EVERYONE","Lindros Beard","Mo Beard","Remi Prince","Daniel Feller",16,21
"2021saltlakecity","Contender","Pool","Ball sackers","Spikedelic","Brooks Massey","Anthony Clifford","Justin Anderson","Braydon Cumming",21,16
"2021saltlakecity","Contender","Pool","Straddeck/Strong","J-squared spike","Spencer Straddeck","Zeke Strong","John Hickmott","Jake Foutz",21,11
"2021saltlakecity","Contender","Pool","Wong/(Will) Foote","Blinngo Ball Indulgence","William Foote","Caleb Wong","Nate Ellis","Bryan Fuss",21,17
"2021saltlakecity","Contender","Pool","Coast to Coast","Orange Chicken","Noah Vasington","Justin Rasmussen","Brennen Brumm","Sterling Young",21,17
"2021saltlakecity","Contender","Pool","PPM","Empire Spikes Back","Devin Tuttle","Ashton Smith","Cody Brower","Max Spence",21,17
"2021saltlakecity","Contender","Pool","Headassery","What's Quakin?!","Dennis Wei","Josh Hutko (Partchfield)","Wayde Hall","Sean Bjork",21,17
"2021saltlakecity","Contender","Pool","Spikeball Thieves","Got Milk?","Garrett Carver","Dallin Zibetti","Trevor Zaleski","Cade Laughlin",21,11
"2021saltlakecity","Contender","Pool","Drip Drop","Sanford’s Children","Grant Marriott","Jake LeBaron","Jaxon Rich","Kannon Forbush",21,8
"2021saltlakecity","Contender","Pool","Low Expectations","Disciples of Newt","Jack Selby","Dylan Medveal","Reilly Blakeslee","Logan Blakeslee",21,3
"2021saltlakecity","Contender","Pool","Finna Dab","Dropper Gangers","Tal Rogers","Lincoln Hertzler","Brian Hansen","Dylan LeBaron",21,17
"2021saltlakecity","Contender","Pool","Dirty Spanks","Spikin Chiclets","Kaleb Wagner","Talor Garrison","Lindros Beard","Mo Beard",21,15
"2021saltlakecity","Contender","Pool","Amateur Hour","FETCH EVERYONE","Caleb Wong","Ethan Zehr","Remi Prince","Daniel Feller",21,15
"2021saltlakecity","Contender","Pool","Treymango","Key to the Realm","Trey Thompson","Alex Tamang","Keyan McLaughlin","Holden Cave",21,15
"2021saltlakecity","Contender","Pool","Ball sackers","Straddeck/Strong","Brooks Massey","Anthony Clifford","Spencer Straddeck","Zeke Strong",21,17
"2021saltlakecity","Contender","Pool","CVS","J-squared spike","Benjamin Bliss","Derek Bonney","John Hickmott","Jake Foutz",21,10
"2021saltlakecity","Contender","Pool","Wong/(Will) Foote","Coast to Coast","William Foote","Caleb Wong","Noah Vasington","Justin Rasmussen",21,13
"2021saltlakecity","Contender","Pool","Kool aid Kids","Orange Chicken","Camden Sandberg","Benson Goates","Brennen Brumm","Sterling Young",21,13
"2021saltlakecity","Contender","Pool","PPM","Spikeball Thieves","Devin Tuttle","Ashton Smith","Garrett Carver","Dallin Zibetti",22,20
"2021saltlakecity","Contender","Pool","Headassery","Empire Spikes Back","Dennis Wei","Josh Hutko (Partchfield)","Cody Brower","Max Spence",21,16
"2021saltlakecity","Contender","Pool","Got Milk?","What's Quakin?!","Trevor Zaleski","Cade Laughlin","Wayde Hall","Sean Bjork",16,21
"2021saltlakecity","Contender","Pool","Drip Drop","Finna Dab","Grant Marriott","Jake LeBaron","Tal Rogers","Lincoln Hertzler",21,10
"2021saltlakecity","Contender","Pool","Low Expectations","Sanford’s Children","Jack Selby","Dylan Medveal","Jaxon Rich","Kannon Forbush",17,21
"2021saltlakecity","Contender","Pool","Dropper Gangers","Disciples of Newt","Brian Hansen","Dylan LeBaron","Reilly Blakeslee","Logan Blakeslee",21,14
"2021saltlakecity","Contender","Pool","Dirty Spanks","Treymango","Kaleb Wagner","Talor Garrison","Trey Thompson","Alex Tamang",14,21
"2021saltlakecity","Contender","Pool","Amateur Hour","Spikin Chiclets","Caleb Wong","Ethan Zehr","Lindros Beard","Mo Beard",21,14
"2021saltlakecity","Contender","Pool","Key to the Realm","FETCH EVERYONE","Keyan McLaughlin","Holden Cave","Remi Prince","Daniel Feller",15,21
"2021saltlakecity","Contender","Pool","CVS","Straddeck/Strong","Benjamin Bliss","Derek Bonney","Spencer Straddeck","Zeke Strong",21,10
"2021saltlakecity","Contender","Pool","Spikedelic","J-squared spike","Justin Anderson","Braydon Cumming","John Hickmott","Jake Foutz",19,21
"2021saltlakecity","Contender","Pool","Kool aid Kids","Coast to Coast","Camden Sandberg","Benson Goates","Noah Vasington","Justin Rasmussen",21,13
"2021saltlakecity","Contender","Pool","Blinngo Ball Indulgence","Orange Chicken","Nate Ellis","Bryan Fuss","Brennen Brumm","Sterling Young",21,13
"2021saltlakecity","Contender","Pool","PPM","Headassery","Devin Tuttle","Ashton Smith","Dennis Wei","Josh Hutko (Partchfield)",24,22
"2021saltlakecity","Contender","Pool","Spikeball Thieves","What's Quakin?!","Garrett Carver","Dallin Zibetti","Wayde Hall","Sean Bjork",21,17
"2021saltlakecity","Contender","Pool","Empire Spikes Back","Got Milk?","Cody Brower","Max Spence","Trevor Zaleski","Cade Laughlin",17,21
"2021saltlakecity","Contender","Pool","Drip Drop","Low Expectations","Grant Marriott","Jake LeBaron","Jack Selby","Dylan Medveal",21,8
"2021saltlakecity","Contender","Pool","Finna Dab","Disciples of Newt","Tal Rogers","Lincoln Hertzler","Reilly Blakeslee","Logan Blakeslee",21,11
"2021saltlakecity","Contender","Pool","Sanford’s Children","Dropper Gangers","Jaxon Rich","Kannon Forbush","Brian Hansen","Dylan LeBaron",21,16
"2021saltlakecity","Contender","Pool","Dirty Spanks","Amateur Hour","Kaleb Wagner","Talor Garrison","Caleb Wong","Ethan Zehr",21,16
"2021saltlakecity","Contender","Pool","Treymango","FETCH EVERYONE","Trey Thompson","Alex Tamang","Remi Prince","Daniel Feller",21,15
"2021saltlakecity","Contender","Pool","Spikin Chiclets","Key to the Realm","Lindros Beard","Mo Beard","Keyan McLaughlin","Holden Cave",16,21
"2021saltlakecity","Contender","Pool","Ball sackers","CVS","Brooks Massey","Anthony Clifford","Benjamin Bliss","Derek Bonney",21,17
"2021saltlakecity","Contender","Pool","Straddeck/Strong","Spikedelic","Spencer Straddeck","Zeke Strong","Justin Anderson","Braydon Cumming",21,10
"2021saltlakecity","Contender","Pool","Wong/(Will) Foote","Kool aid Kids","William Foote","Caleb Wong","Camden Sandberg","Benson Goates",25,24
"2021saltlakecity","Contender","Pool","Coast to Coast","Blinngo Ball Indulgence","Noah Vasington","Justin Rasmussen","Nate Ellis","Bryan Fuss",14,21
"2021saltlakecity","Women's","Pool","THUS Parabatai","Your Step Mom","Kayla Wu","Kalin Miramontes","Nicol Gahley","Lexi Strong",21,10
"2021saltlakecity","Women's","Pool","THUS Parabatai","Your Step Mom","Kayla Wu","Kalin Miramontes","Nicol Gahley","Lexi Strong",21,12
"2021saltlakecity","Women's","Pool","Zoomies","Thing","Allie Foster","Karah Hui","Mey Helm","Alexi Ness",21,9
"2021saltlakecity","Women's","Pool","Zoomies","Thing","Allie Foster","Karah Hui","Mey Helm","Alexi Ness",21,13
"2021saltlakecity","Women's","Pool","TWINZ","Litney","Ali Jenki","Olivia Jenki","Liza Murray","Whitney Fraire",21,11
"2021saltlakecity","Women's","Pool","TWINZ","Litney","Ali Jenki","Olivia Jenki","Liza Murray","Whitney Fraire",21,15
"2021saltlakecity","Women's","Pool","Feller/Pierson","Mr. & Mrs. Buckman","Kirstie Savage","Katie Pierson","Alex Buckman","Perrin York",21,15
"2021saltlakecity","Women's","Pool","Feller/Pierson","Mr. & Mrs. Buckman","Kirstie Savage","Katie Pierson","Alex Buckman","Perrin York",21,14
"2021saltlakecity","Women's","Pool","Idahomies","Blood Benders","Kaitlin Ro","Camille Anderson","Nicole Warner","Haylee Hammond",21,12
"2021saltlakecity","Women's","Pool","Idahomies","Blood Benders","Kaitlin Ro","Camille Anderson","Nicole Warner","Haylee Hammond",21,18
"2021saltlakecity","Women's","Pool","Swing and a Miss","soggy cardboard","Kenna Clark","Grace Bruno","Aleah Gregory","Haley Cowan",6,21
"2021saltlakecity","Women's","Pool","Swing and a Miss","soggy cardboard","Kenna Clark","Grace Bruno","Aleah Gregory","Haley Cowan",15,21
"2021saltlakecity","Women's","Pool","THUS Parabatai","Thing","Kayla Wu","Kalin Miramontes","Mey Helm","Alexi Ness",21,9
"2021saltlakecity","Women's","Pool","THUS Parabatai","Thing","Kayla Wu","Kalin Miramontes","Mey Helm","Alexi Ness",21,8
"2021saltlakecity","Women's","Pool","Zoomies","Your Step Mom","Allie Foster","Karah Hui","Nicol Gahley","Lexi Strong",21,11
"2021saltlakecity","Women's","Pool","Zoomies","Your Step Mom","Allie Foster","Karah Hui","Nicol Gahley","Lexi Strong",21,14
"2021saltlakecity","Women's","Pool","TWINZ","Mr. & Mrs. Buckman","Ali Jenki","Olivia Jenki","Alex Buckman","Perrin York",21,7
"2021saltlakecity","Women's","Pool","TWINZ","Mr. & Mrs. Buckman","Ali Jenki","Olivia Jenki","Alex Buckman","Perrin York",21,15
"2021saltlakecity","Women's","Pool","Feller/Pierson","Litney","Kirstie Savage","Katie Pierson","Liza Murray","Whitney Fraire",21,13
"2021saltlakecity","Women's","Pool","Feller/Pierson","Litney","Kirstie Savage","Katie Pierson","Liza Murray","Whitney Fraire",21,18
"2021saltlakecity","Women's","Pool","Idahomies","soggy cardboard","Kaitlin Ro","Camille Anderson","Aleah Gregory","Haley Cowan",21,10
"2021saltlakecity","Women's","Pool","Idahomies","soggy cardboard","Kaitlin Ro","Camille Anderson","Aleah Gregory","Haley Cowan",21,16
"2021saltlakecity","Women's","Pool","Swing and a Miss","Blood Benders","Kenna Clark","Grace Bruno","Nicole Warner","Haylee Hammond",19,21
"2021saltlakecity","Women's","Pool","Swing and a Miss","Blood Benders","Kenna Clark","Grace Bruno","Nicole Warner","Haylee Hammond",20,22
"2021saltlakecity","Women's","Pool","THUS Parabatai","Zoomies","Kayla Wu","Kalin Miramontes","Allie Foster","Karah Hui",19,21
"2021saltlakecity","Women's","Pool","THUS Parabatai","Zoomies","Kayla Wu","Kalin Miramontes","Allie Foster","Karah Hui",22,20
"2021saltlakecity","Women's","Pool","THUS Parabatai","Zoomies","Kayla Wu","Kalin Miramontes","Allie Foster","Karah Hui",21,18
"2021saltlakecity","Women's","Pool","Thing","Your Step Mom","Mey Helm","Alexi Ness","Nicol Gahley","Lexi Strong",19,21
"2021saltlakecity","Women's","Pool","Thing","Your Step Mom","Mey Helm","Alexi Ness","Nicol Gahley","Lexi Strong",16,21
"2021saltlakecity","Women's","Pool","TWINZ","Feller/Pierson","Ali Jenki","Olivia Jenki","Kirstie Savage","Katie Pierson",21,16
"2021saltlakecity","Women's","Pool","TWINZ","Feller/Pierson","Ali Jenki","Olivia Jenki","Kirstie Savage","Katie Pierson",21,15
"2021saltlakecity","Women's","Pool","Mr. & Mrs. Buckman","Litney","Alex Buckman","Perrin York","Liza Murray","Whitney Fraire",18,21
"2021saltlakecity","Women's","Pool","Mr. & Mrs. Buckman","Litney","Alex Buckman","Perrin York","Liza Murray","Whitney Fraire",21,19
"2021saltlakecity","Women's","Pool","Mr. & Mrs. Buckman","Litney","Alex Buckman","Perrin York","Liza Murray","Whitney Fraire",17,21
"2021saltlakecity","Women's","Pool","Idahomies","Swing and a Miss","Kaitlin Ro","Camille Anderson","Kenna Clark","Grace Bruno",21,15
"2021saltlakecity","Women's","Pool","Idahomies","Swing and a Miss","Kaitlin Ro","Camille Anderson","Kenna Clark","Grace Bruno",21,12
"2021saltlakecity","Women's","Pool","soggy cardboard","Blood Benders","Aleah Gregory","Haley Cowan","Nicole Warner","Haylee Hammond",16,21
"2021saltlakecity","Women's","Pool","soggy cardboard","Blood Benders","Aleah Gregory","Haley Cowan","Nicole Warner","Haylee Hammond",21,18
"2021saltlakecity","Women's","Pool","soggy cardboard","Blood Benders","Aleah Gregory","Haley Cowan","Nicole Warner","Haylee Hammond",17,21
"2021saltlakecity","Advanced","Pool","Threat Level Midnight","Jo-Cade-ing me","Joseph Barron","Brady Price","Jonathan Scheelke","Cade Cote",21,13
"2021saltlakecity","Advanced","Pool","Victorious Secret","Magic Touch","isaac wellborn","Jaren Haggard","Caleb Steinagel","Aldon Martin",21,14
"2021saltlakecity","Advanced","Pool","Pocket Prodigies","Still Got It","Daniel McNair","Austin Roeda","Bunna Veth","Bradley Smith",15,21
"2021saltlakecity","Advanced","Pool","That’s embarrassing","Jokers","Teagon Harris","Adam Calder","Jake Martha","Dylan Cloninger",22,20
"2021saltlakecity","Advanced","Pool","Soul Spikers","Three Good Arms","Nick Buehner","Rachel Buehner","Jon Jacobs","Camren Harris",21,12
"2021saltlakecity","Advanced","Pool","Net Results","Burnt Rubber","Preston Haight","Austin Reid","Ian Williams","Markus Stevenson",21,15
"2021saltlakecity","Advanced","Pool","Salted Freis","Your Mom Sus","Jake Frei","Mitch Frei","Trevor Walter","Jacob Stevens",21,8
"2021saltlakecity","Advanced","Pool","Dallin Sucks Roundnet","Hoagie Fest","Jesse Vega","Harold Mancia","David Lehmann","Mac Schailey",12,21
"2021saltlakecity","Advanced","Pool","Simps not Pimps","Silver Storm","Peter Nielson","Jared Connelly","Jonnie Hadfield","Daniel Wight",15,21
"2021saltlakecity","Advanced","Pool","Threat Level Midnight","Magic Touch","Joseph Barron","Brady Price","Caleb Steinagel","Aldon Martin",21,6
"2021saltlakecity","Advanced","Pool","Victorious Secret","Pocket Prodigies","isaac wellborn","Jaren Haggard","Daniel McNair","Austin Roeda",15,21
"2021saltlakecity","Advanced","Pool","Still Got It","Jo-Cade-ing me","Bunna Veth","Bradley Smith","Jonathan Scheelke","Cade Cote",21,14
"2021saltlakecity","Advanced","Pool","That’s embarrassing","Three Good Arms","Teagon Harris","Adam Calder","Jon Jacobs","Camren Harris",19,21
"2021saltlakecity","Advanced","Pool","Soul Spikers","Net Results","Nick Buehner","Rachel Buehner","Preston Haight","Austin Reid",19,21
"2021saltlakecity","Advanced","Pool","Burnt Rubber","Jokers","Ian Williams","Markus Stevenson","Jake Martha","Dylan Cloninger",15,21
"2021saltlakecity","Advanced","Pool","Salted Freis","Hoagie Fest","Jake Frei","Mitch Frei","David Lehmann","Mac Schailey",21,16
"2021saltlakecity","Advanced","Pool","Dallin Sucks Roundnet","Simps not Pimps","Jesse Vega","Harold Mancia","Peter Nielson","Jared Connelly",21,11
"2021saltlakecity","Advanced","Pool","Silver Storm","Your Mom Sus","Jonnie Hadfield","Daniel Wight","Trevor Walter","Jacob Stevens",21,11
"2021saltlakecity","Advanced","Pool","Threat Level Midnight","Still Got It","Joseph Barron","Brady Price","Bunna Veth","Bradley Smith",19,21
"2021saltlakecity","Advanced","Pool","Victorious Secret","Jo-Cade-ing me","isaac wellborn","Jaren Haggard","Jonathan Scheelke","Cade Cote",15,21
"2021saltlakecity","Advanced","Pool","Pocket Prodigies","Magic Touch","Daniel McNair","Austin Roeda","Caleb Steinagel","Aldon Martin",21,9
"2021saltlakecity","Advanced","Pool","That’s embarrassing","Burnt Rubber","Teagon Harris","Adam Calder","Ian Williams","Markus Stevenson",21,19
"2021saltlakecity","Advanced","Pool","Soul Spikers","Jokers","Nick Buehner","Rachel Buehner","Jake Martha","Dylan Cloninger",16,21
"2021saltlakecity","Advanced","Pool","Net Results","Three Good Arms","Preston Haight","Austin Reid","Jon Jacobs","Camren Harris",16,21
"2021saltlakecity","Advanced","Pool","Salted Freis","Silver Storm","Jake Frei","Mitch Frei","Jonnie Hadfield","Daniel Wight",21,17
"2021saltlakecity","Advanced","Pool","Dallin Sucks Roundnet","Your Mom Sus","Jesse Vega","Harold Mancia","Trevor Walter","Jacob Stevens",21,11
"2021saltlakecity","Advanced","Pool","Simps not Pimps","Hoagie Fest","Peter Nielson","Jared Connelly","David Lehmann","Mac Schailey",9,22
"2021saltlakecity","Advanced","Pool","Threat Level Midnight","Pocket Prodigies","Joseph Barron","Brady Price","Daniel McNair","Austin Roeda",21,18
"2021saltlakecity","Advanced","Pool","Victorious Secret","Still Got It","isaac wellborn","Jaren Haggard","Bunna Veth","Bradley Smith",16,21
"2021saltlakecity","Advanced","Pool","Magic Touch","Jo-Cade-ing me","Caleb Steinagel","Aldon Martin","Jonathan Scheelke","Cade Cote",10,21
"2021saltlakecity","Advanced","Pool","That’s embarrassing","Net Results","Teagon Harris","Adam Calder","Preston Haight","Austin Reid",22,20
"2021saltlakecity","Advanced","Pool","Soul Spikers","Burnt Rubber","Nick Buehner","Rachel Buehner","Ian Williams","Markus Stevenson",21,17
"2021saltlakecity","Advanced","Pool","Three Good Arms","Jokers","Jon Jacobs","Camren Harris","Jake Martha","Dylan Cloninger",18,21
"2021saltlakecity","Advanced","Pool","Salted Freis","Simps not Pimps","Jake Frei","Mitch Frei","Peter Nielson","Jared Connelly",21,12
"2021saltlakecity","Advanced","Pool","Dallin Sucks Roundnet","Silver Storm","Jesse Vega","Harold Mancia","Jonnie Hadfield","Daniel Wight",21,16
"2021saltlakecity","Advanced","Pool","Hoagie Fest","Your Mom Sus","David Lehmann","Mac Schailey","Trevor Walter","Jacob Stevens",21,11
"2021saltlakecity","Advanced","Pool","Threat Level Midnight","Victorious Secret","Joseph Barron","Brady Price","isaac wellborn","Jaren Haggard",21,9
"2021saltlakecity","Advanced","Pool","Pocket Prodigies","Jo-Cade-ing me","Daniel McNair","Austin Roeda","Jonathan Scheelke","Cade Cote",21,18
"2021saltlakecity","Advanced","Pool","Still Got It","Magic Touch","Bunna Veth","Bradley Smith","Caleb Steinagel","Aldon Martin",21,5
"2021saltlakecity","Advanced","Pool","That’s embarrassing","Soul Spikers","Teagon Harris","Adam Calder","Nick Buehner","Rachel Buehner",21,19
"2021saltlakecity","Advanced","Pool","Net Results","Jokers","Preston Haight","Austin Reid","Jake Martha","Dylan Cloninger",21,15
"2021saltlakecity","Advanced","Pool","Burnt Rubber","Three Good Arms","Ian Williams","Markus Stevenson","Jon Jacobs","Camren Harris",21,16
"2021saltlakecity","Advanced","Pool","Salted Freis","Dallin Sucks Roundnet","Jake Frei","Mitch Frei","Jesse Vega","Harold Mancia",21,15
"2021saltlakecity","Advanced","Pool","Simps not Pimps","Your Mom Sus","Peter Nielson","Jared Connelly","Trevor Walter","Jacob Stevens",21,16
"2021saltlakecity","Advanced","Pool","Silver Storm","Hoagie Fest","Jonnie Hadfield","Daniel Wight","David Lehmann","Mac Schailey",10,21
"2021saltlakecity","Intermediate","Pool","Billy Bobith","Serves You Right","Morgan Beck","Britt Thompson","Carlos Arce","Justin Simons",21,9
"2021saltlakecity","Intermediate","Pool","Locals Only","Elevate","Norman Hurd","Dallin Hurd","Alex Hart","Jack Hart",11,21
"2021saltlakecity","Intermediate","Pool","BOOYAH","MorGang","McKinley Thomas","Dylan Thomas","Ian Morgan","Jeremy Morgan",21,10
"2021saltlakecity","Intermediate","Pool","White 5","The Moppers","Mitch Reed","Keyan Brophy","Payton Perkins","Devin Perkins",13,21
"2021saltlakecity","Intermediate","Pool","Drop it Like it’s Hot","Mermaid Man and Barnacle Boy","Nate Nye, Skyler A Silvera","1 more","Becca Feller","Garrett Brennan",21,9
"2021saltlakecity","Intermediate","Pool","Akatsuki","KABRIT","Aidan Saylor","Nate Ostler","Kyle Windebank","Cade Windebank",6,21
"2021saltlakecity","Intermediate","Pool","U60's","Sexy samurai","Glen Blakeslee","Kim Kieca","Kaden Astin","Logan Gillis",21,16
"2021saltlakecity","Intermediate","Pool","Flick Yeah","Razmataz","Benjamin Thiriot","Jodie Hamilton","Kyler Cote","Luke Rasmussen",25,24
"2021saltlakecity","Intermediate","Pool","Soft Serve","Madison High","Jordan Ritchie","Josh Stevens","Kody Price","Peter Barton",23,21
"2021saltlakecity","Intermediate","Pool","*Monkey Noises*","Thicc n Thinn","Ben Calkins","Jack Twigger","Cameron Simonds","Adam Bruno",12,21
"2021saltlakecity","Intermediate","Pool","Team","The Knights of the Night","Ben Sluga","Camden Hatch","Matt Ontiveros","Krystle Payne",22,20
"2021saltlakecity","Intermediate","Pool","Billy Bobith","Elevate","Morgan Beck","Britt Thompson","Alex Hart","Jack Hart",25,24
"2021saltlakecity","Intermediate","Pool","Locals Only","BOOYAH","Norman Hurd","Dallin Hurd","McKinley Thomas","Dylan Thomas",21,19
"2021saltlakecity","Intermediate","Pool","MorGang","Serves You Right","Ian Morgan","Jeremy Morgan","Carlos Arce","Justin Simons",15,21
"2021saltlakecity","Intermediate","Pool","White 5","Mermaid Man and Barnacle Boy","Mitch Reed","Keyan Brophy","Becca Feller","Garrett Brennan",21,17
"2021saltlakecity","Intermediate","Pool","Drop it Like it’s Hot","Akatsuki","Nate Nye, Skyler A Silvera","1 more","Aidan Saylor","Nate Ostler",21,10
"2021saltlakecity","Intermediate","Pool","KABRIT","The Moppers","Kyle Windebank","Cade Windebank","Payton Perkins","Devin Perkins",24,22
"2021saltlakecity","Intermediate","Pool","U60's","Razmataz","Glen Blakeslee","Kim Kieca","Kyler Cote","Luke Rasmussen",8,21
"2021saltlakecity","Intermediate","Pool","StarBoys","Sexy samurai","Kimball Kelsch","Ryan Kelsch","Kaden Astin","Logan Gillis",21,10
"2021saltlakecity","Intermediate","Pool","Soft Serve","Thicc n Thinn","Jordan Ritchie","Josh Stevens","Cameron Simonds","Adam Bruno",21,12
"2021saltlakecity","Intermediate","Pool","*Monkey Noises*","Team","Ben Calkins","Jack Twigger","Ben Sluga","Camden Hatch",21,19
"2021saltlakecity","Intermediate","Pool","The Knights of the Night","Madison High","Matt Ontiveros","Krystle Payne","Kody Price","Peter Barton",13,21
"2021saltlakecity","Intermediate","Pool","Billy Bobith","MorGang","Morgan Beck","Britt Thompson","Ian Morgan","Jeremy Morgan",22,11
"2021saltlakecity","Intermediate","Pool","Locals Only","Serves You Right","Norman Hurd","Dallin Hurd","Carlos Arce","Justin Simons",21,11
"2021saltlakecity","Intermediate","Pool","BOOYAH","Elevate","McKinley Thomas","Dylan Thomas","Alex Hart","Jack Hart",18,21
"2021saltlakecity","Intermediate","Pool","White 5","KABRIT","Mitch Reed","Keyan Brophy","Kyle Windebank","Cade Windebank",12,21
"2021saltlakecity","Intermediate","Pool","Drop it Like it’s Hot","The Moppers","Nate Nye, Skyler A Silvera","1 more","Payton Perkins","Devin Perkins",21,17
"2021saltlakecity","Intermediate","Pool","Akatsuki","Mermaid Man and Barnacle Boy","Aidan Saylor","Nate Ostler","Becca Feller","Garrett Brennan",22,20
"2021saltlakecity","Intermediate","Pool","U60's","StarBoys","Glen Blakeslee","Kim Kieca","Kimball Kelsch","Ryan Kelsch",7,21
"2021saltlakecity","Intermediate","Pool","Flick Yeah","Sexy samurai","Benjamin Thiriot","Jodie Hamilton","Kaden Astin","Logan Gillis",21,10
"2021saltlakecity","Intermediate","Pool","Soft Serve","The Knights of the Night","Jordan Ritchie","Josh Stevens","Matt Ontiveros","Krystle Payne",21,6
"2021saltlakecity","Intermediate","Pool","*Monkey Noises*","Madison High","Ben Calkins","Jack Twigger","Kody Price","Peter Barton",19,21
"2021saltlakecity","Intermediate","Pool","Team","Thicc n Thinn","Ben Sluga","Camden Hatch","Cameron Simonds","Adam Bruno",9,21
"2021saltlakecity","Intermediate","Pool","Billy Bobith","BOOYAH","Morgan Beck","Britt Thompson","McKinley Thomas","Dylan Thomas",21,7
"2021saltlakecity","Intermediate","Pool","Locals Only","MorGang","Norman Hurd","Dallin Hurd","Ian Morgan","Jeremy Morgan",21,15
"2021saltlakecity","Intermediate","Pool","Elevate","Serves You Right","Alex Hart","Jack Hart","Carlos Arce","Justin Simons",21,15
"2021saltlakecity","Intermediate","Pool","White 5","Akatsuki","Mitch Reed","Keyan Brophy","Aidan Saylor","Nate Ostler",21,16
"2021saltlakecity","Intermediate","Pool","Drop it Like it’s Hot","KABRIT","Nate Nye, Skyler A Silvera","1 more","Kyle Windebank","Cade Windebank",21,12
"2021saltlakecity","Intermediate","Pool","Mermaid Man and Barnacle Boy","The Moppers","Becca Feller","Garrett Brennan","Payton Perkins","Devin Perkins",13,21
"2021saltlakecity","Intermediate","Pool","Flick Yeah","StarBoys","Benjamin Thiriot","Jodie Hamilton","Kimball Kelsch","Ryan Kelsch",21,13
"2021saltlakecity","Intermediate","Pool","Razmataz","Sexy samurai","Kyler Cote","Luke Rasmussen","Kaden Astin","Logan Gillis",21,4
"2021saltlakecity","Intermediate","Pool","Soft Serve","Team","Jordan Ritchie","Josh Stevens","Ben Sluga","Camden Hatch",21,8
"2021saltlakecity","Intermediate","Pool","*Monkey Noises*","The Knights of the Night","Ben Calkins","Jack Twigger","Matt Ontiveros","Krystle Payne",21,7
"2021saltlakecity","Intermediate","Pool","Thicc n Thinn","Madison High","Cameron Simonds","Adam Bruno","Kody Price","Peter Barton",11,21
"2021saltlakecity","Intermediate","Pool","Billy Bobith","Locals Only","Morgan Beck","Britt Thompson","Norman Hurd","Dallin Hurd",21,17
"2021saltlakecity","Intermediate","Pool","BOOYAH","Serves You Right","McKinley Thomas","Dylan Thomas","Carlos Arce","Justin Simons",21,15
"2021saltlakecity","Intermediate","Pool","MorGang","Elevate","Ian Morgan","Jeremy Morgan","Alex Hart","Jack Hart",6,21
"2021saltlakecity","Intermediate","Pool","White 5","Drop it Like it’s Hot","Mitch Reed","Keyan Brophy","Nate Nye, Skyler A Silvera","1 more",14,21
"2021saltlakecity","Intermediate","Pool","Akatsuki","The Moppers","Aidan Saylor","Nate Ostler","Payton Perkins","Devin Perkins",12,21
"2021saltlakecity","Intermediate","Pool","KABRIT","Mermaid Man and Barnacle Boy","Kyle Windebank","Cade Windebank","Becca Feller","Garrett Brennan",21,19
"2021saltlakecity","Intermediate","Pool","U60's","Flick Yeah","Glen Blakeslee","Kim Kieca","Benjamin Thiriot","Jodie Hamilton",16,21
"2021saltlakecity","Intermediate","Pool","StarBoys","Razmataz","Kimball Kelsch","Ryan Kelsch","Kyler Cote","Luke Rasmussen",21,18
"2021saltlakecity","Intermediate","Pool","Soft Serve","*Monkey Noises*","Jordan Ritchie","Josh Stevens","Ben Calkins","Jack Twigger",21,17
"2021saltlakecity","Intermediate","Pool","Team","Madison High","Ben Sluga","Camden Hatch","Kody Price","Peter Barton",10,21
"2021saltlakecity","Intermediate","Pool","The Knights of the Night","Thicc n Thinn","Matt Ontiveros","Krystle Payne","Cameron Simonds","Adam Bruno",9,21
"2021saltlakecity","Beginner","Pool","Sleepy Joe.","How I set your mother","Gabriel Galaviz","Tyler Hall","Sandra Lee","Joel Newburg",21,19
"2021saltlakecity","Beginner","Pool","Frickas","Dad Jeans","jaclynn Brown","Emily Harris","Scott Mastroianni","Jennifer Mastroianni",25,23
"2021saltlakecity","Beginner","Pool","The Big Dingos","8 eyes","Tyler Evans","Isaac Robison","Austin Adams","Domenic Mastroianni",21,18
"2021saltlakecity","Beginner","Pool","Spikeball Clubin Clothes","Los chicharrones","Natalie Noel","Isabella Schroeder","Victor Arce","Adrian Arce",21,15
"2021saltlakecity","Beginner","Pool","Sleepy Joe.","Dad Jeans","Gabriel Galaviz","Tyler Hall","Scott Mastroianni","Jennifer Mastroianni",21,12
"2021saltlakecity","Beginner","Pool","Frickas","Los chicharrones","jaclynn Brown","Emily Harris","Victor Arce","Adrian Arce",21,12
"2021saltlakecity","Beginner","Pool","The Big Dingos","Spikeball Clubin Clothes","Tyler Evans","Isaac Robison","Natalie Noel","Isabella Schroeder",21,18
"2021saltlakecity","Beginner","Pool","8 eyes","How I set your mother","Austin Adams","Domenic Mastroianni","Sandra Lee","Joel Newburg",21,13
"2021saltlakecity","Beginner","Pool","Sleepy Joe.","8 eyes","Gabriel Galaviz","Tyler Hall","Austin Adams","Domenic Mastroianni",21,10
"2021saltlakecity","Beginner","Pool","Frickas","The Big Dingos","jaclynn Brown","Emily Harris","Tyler Evans","Isaac Robison",21,14
"2021saltlakecity","Beginner","Pool","Spikeball Clubin Clothes","How I set your mother","Natalie Noel","Isabella Schroeder","Sandra Lee","Joel Newburg",9,21
"2021saltlakecity","Beginner","Pool","Los chicharrones","Dad Jeans","Victor Arce","Adrian Arce","Scott Mastroianni","Jennifer Mastroianni",15,21
"2021saltlakecity","Beginner","Pool","Sleepy Joe.","Los chicharrones","Gabriel Galaviz","Tyler Hall","Victor Arce","Adrian Arce",21,3
"2021saltlakecity","Beginner","Pool","Frickas","How I set your mother","jaclynn Brown","Emily Harris","Sandra Lee","Joel Newburg",18,21
"2021saltlakecity","Beginner","Pool","The Big Dingos","Dad Jeans","Tyler Evans","Isaac Robison","Scott Mastroianni","Jennifer Mastroianni",21,19
"2021saltlakecity","Beginner","Pool","Spikeball Clubin Clothes","8 eyes","Natalie Noel","Isabella Schroeder","Austin Adams","Domenic Mastroianni",16,21
"2021saltlakecity","Beginner","Pool","Sleepy Joe.","Spikeball Clubin Clothes","Gabriel Galaviz","Tyler Hall","Natalie Noel","Isabella Schroeder",21,8
"2021saltlakecity","Beginner","Pool","Frickas","8 eyes","jaclynn Brown","Emily Harris","Austin Adams","Domenic Mastroianni",16,21
"2021saltlakecity","Beginner","Pool","The Big Dingos","Los chicharrones","Tyler Evans","Isaac Robison","Victor Arce","Adrian Arce",21,9
"2021saltlakecity","Beginner","Pool","Dad Jeans","How I set your mother","Scott Mastroianni","Jennifer Mastroianni","Sandra Lee","Joel Newburg",17,21
"2021saltlakecity","Beginner","Pool","Sleepy Joe.","The Big Dingos","Gabriel Galaviz","Tyler Hall","Tyler Evans","Isaac Robison",21,11
"2021saltlakecity","Beginner","Pool","Frickas","Spikeball Clubin Clothes","jaclynn Brown","Emily Harris","Natalie Noel","Isabella Schroeder",21,18
"2021saltlakecity","Beginner","Pool","Los chicharrones","How I set your mother","Victor Arce","Adrian Arce","Sandra Lee","Joel Newburg",15,21
"2021saltlakecity","Beginner","Pool","8 eyes","Dad Jeans","Austin Adams","Domenic Mastroianni","Scott Mastroianni","Jennifer Mastroianni",21,17
"2021saltlakecity","Beginner","Pool","Sleepy Joe.","Frickas","Gabriel Galaviz","Tyler Hall","jaclynn Brown","Emily Harris",21,16
"2021saltlakecity","Beginner","Pool","The Big Dingos","How I set your mother","Tyler Evans","Isaac Robison","Sandra Lee","Joel Newburg",15,21
"2021saltlakecity","Beginner","Pool","Spikeball Clubin Clothes","Dad Jeans","Natalie Noel","Isabella Schroeder","Scott Mastroianni","Jennifer Mastroianni",12,21
"2021saltlakecity","Beginner","Pool","Los chicharrones","8 eyes","Victor Arce","Adrian Arce","Austin Adams","Domenic Mastroianni",6,21
"2021saltlakecity","Premier","Round of 16","Knotty","Bud N' Boles","Jarratt Rouse","Ryan Fitzgerald","Skyler Boles","Craig Hammon",1,0
"2021saltlakecity","Premier","Round of 16","Knotty","Bud N' Boles","Jarratt Rouse","Ryan Fitzgerald","Skyler Boles","Craig Hammon",0,1
"2021saltlakecity","Premier","Round of 16","Knotty","Bud N' Boles","Jarratt Rouse","Ryan Fitzgerald","Skyler Boles","Craig Hammon",0,1
"2021saltlakecity","Premier","Round of 16","Outside Smoke","Los & Len","Noah Luskus","Grant Laughlin","Carlos Yvellez","Allen Iwamoto",21,19
"2021saltlakecity","Premier","Round of 16","Outside Smoke","Los & Len","Noah Luskus","Grant Laughlin","Carlos Yvellez","Allen Iwamoto",21,10
"2021saltlakecity","Premier","Round of 16","Spicy Yogurt","Trippy Lizard","Ian Golembeski","Kane Rickman","Clark Marshall","Andrew Card",17,21
"2021saltlakecity","Premier","Round of 16","Spicy Yogurt","Trippy Lizard","Ian Golembeski","Kane Rickman","Clark Marshall","Andrew Card",16,21
"2021saltlakecity","Premier","Round of 16","5'6""","Gucci Synonymous","Warren Foote","Kenny Ortega","Gage Maddox","Tyler Stokes",1,0
"2021saltlakecity","Premier","Round of 16","5'6""","Gucci Synonymous","Warren Foote","Kenny Ortega","Gage Maddox","Tyler Stokes",1,0
"2021saltlakecity","Premier","Quarter-finals","Finocchurch","Bud N' Boles","Gabe Finocchi","Taylor Church","Skyler Boles","Craig Hammon",21,12
"2021saltlakecity","Premier","Quarter-finals","Finocchurch","Bud N' Boles","Gabe Finocchi","Taylor Church","Skyler Boles","Craig Hammon",21,17
"2021saltlakecity","Premier","Quarter-finals","The Klondike Bars","Outside Smoke","Chandler Hertzler","Caleb Jarrett","Noah Luskus","Grant Laughlin",14,21
"2021saltlakecity","Premier","Quarter-finals","The Klondike Bars","Outside Smoke","Chandler Hertzler","Caleb Jarrett","Noah Luskus","Grant Laughlin",21,19
"2021saltlakecity","Premier","Quarter-finals","The Klondike Bars","Outside Smoke","Chandler Hertzler","Caleb Jarrett","Noah Luskus","Grant Laughlin",18,21
"2021saltlakecity","Premier","Quarter-finals","Seg Fault","Trippy Lizard","Garrett Hornok","Rahul Murthy","Clark Marshall","Andrew Card",18,21
"2021saltlakecity","Premier","Quarter-finals","Seg Fault","Trippy Lizard","Garrett Hornok","Rahul Murthy","Clark Marshall","Andrew Card",22,20
"2021saltlakecity","Premier","Quarter-finals","Seg Fault","Trippy Lizard","Garrett Hornok","Rahul Murthy","Clark Marshall","Andrew Card",21,18
"2021saltlakecity","Premier","Quarter-finals","WySpike Toxicity","5'6""","Luke Mowry","David Louis","Warren Foote","Kenny Ortega",1,0
"2021saltlakecity","Premier","Quarter-finals","WySpike Toxicity","5'6""","Luke Mowry","David Louis","Warren Foote","Kenny Ortega",1,0
"2021saltlakecity","Premier","Semi-finals","Finocchurch","Outside Smoke","Gabe Finocchi","Taylor Church","Noah Luskus","Grant Laughlin",32,30
"2021saltlakecity","Premier","Semi-finals","Finocchurch","Outside Smoke","Gabe Finocchi","Taylor Church","Noah Luskus","Grant Laughlin",16,21
"2021saltlakecity","Premier","Semi-finals","Finocchurch","Outside Smoke","Gabe Finocchi","Taylor Church","Noah Luskus","Grant Laughlin",21,16
"2021saltlakecity","Premier","Semi-finals","Seg Fault","WySpike Toxicity","Garrett Hornok","Rahul Murthy","Luke Mowry","David Louis",12,21
"2021saltlakecity","Premier","Semi-finals","Seg Fault","WySpike Toxicity","Garrett Hornok","Rahul Murthy","Luke Mowry","David Louis",21,16
"2021saltlakecity","Premier","Semi-finals","Seg Fault","WySpike Toxicity","Garrett Hornok","Rahul Murthy","Luke Mowry","David Louis",23,21
"2021saltlakecity","Premier","1st place","Finocchurch","Seg Fault","Gabe Finocchi","Taylor Church","Garrett Hornok","Rahul Murthy",16,21
"2021saltlakecity","Premier","1st place","Finocchurch","Seg Fault","Gabe Finocchi","Taylor Church","Garrett Hornok","Rahul Murthy",19,21
"2021saltlakecity","Premier","3rd place","WySpike Toxicity","Outside Smoke","Luke Mowry","David Louis","Noah Luskus","Grant Laughlin",21,11
"2021saltlakecity","Premier","3rd place","WySpike Toxicity","Outside Smoke","Luke Mowry","David Louis","Noah Luskus","Grant Laughlin",21,19
"2021saltlakecity","Premier","P5: Semi-finals","The Klondike Bars","Bud N' Boles","Chandler Hertzler","Caleb Jarrett","Skyler Boles","Craig Hammon",NA,NA
"2021saltlakecity","Premier","P5: Semi-finals","The Klondike Bars","Bud N' Boles","Chandler Hertzler","Caleb Jarrett","Skyler Boles","Craig Hammon",NA,NA
"2021saltlakecity","Premier","P5: Semi-finals","The Klondike Bars","Bud N' Boles","Chandler Hertzler","Caleb Jarrett","Skyler Boles","Craig Hammon",NA,NA
"2021saltlakecity","Premier","P5: Semi-finals","5'6""","Trippy Lizard","Warren Foote","Kenny Ortega","Clark Marshall","Andrew Card",NA,NA
"2021saltlakecity","Premier","P5: Semi-finals","5'6""","Trippy Lizard","Warren Foote","Kenny Ortega","Clark Marshall","Andrew Card",NA,NA
"2021saltlakecity","Premier","P5: Semi-finals","5'6""","Trippy Lizard","Warren Foote","Kenny Ortega","Clark Marshall","Andrew Card",NA,NA
"2021saltlakecity","Premier","P9: Semi-finals","Knotty","Los & Len","Jarratt Rouse","Ryan Fitzgerald","Carlos Yvellez","Allen Iwamoto",NA,NA
"2021saltlakecity","Premier","P9: Semi-finals","Knotty","Los & Len","Jarratt Rouse","Ryan Fitzgerald","Carlos Yvellez","Allen Iwamoto",NA,NA
"2021saltlakecity","Premier","P9: Semi-finals","Knotty","Los & Len","Jarratt Rouse","Ryan Fitzgerald","Carlos Yvellez","Allen Iwamoto",NA,NA
"2021saltlakecity","Premier","P9: Semi-finals","Spicy Yogurt","Gucci Synonymous","Ian Golembeski","Kane Rickman","Gage Maddox","Tyler Stokes",NA,NA
"2021saltlakecity","Premier","P9: Semi-finals","Spicy Yogurt","Gucci Synonymous","Ian Golembeski","Kane Rickman","Gage Maddox","Tyler Stokes",NA,NA
"2021saltlakecity","Premier","P9: Semi-finals","Spicy Yogurt","Gucci Synonymous","Ian Golembeski","Kane Rickman","Gage Maddox","Tyler Stokes",NA,NA
"2021saltlakecity","Premier","Round of 16","“Carry”","Sports and Trevor","Jalen Butkus","Luke Freimanis","Trevor Barbosa","Jackson Brasfield",18,21
"2021saltlakecity","Premier","Round of 16","“Carry”","Sports and Trevor","Jalen Butkus","Luke Freimanis","Trevor Barbosa","Jackson Brasfield",20,22
"2021saltlakecity","Premier","Round of 16","DO is Trash","Hot Jam","Luke Marshall","Michael Hsu","Andrew Stevens","Dylan Bricker",20,22
"2021saltlakecity","Premier","Round of 16","DO is Trash","Hot Jam","Luke Marshall","Michael Hsu","Andrew Stevens","Dylan Bricker",26,24
"2021saltlakecity","Premier","Round of 16","DO is Trash","Hot Jam","Luke Marshall","Michael Hsu","Andrew Stevens","Dylan Bricker",21,18
"2021saltlakecity","Premier","Round of 16","Texas Sucks","Left on “Read”<U+0001F620><U+2639><U+FE0F><U+0001F915>","Andrew Kosche","Dean Wasil","Bryce Young","Matt Murray",1,0
"2021saltlakecity","Premier","Round of 16","Texas Sucks","Left on “Read”<U+0001F620><U+2639><U+FE0F><U+0001F915>","Andrew Kosche","Dean Wasil","Bryce Young","Matt Murray",1,0
"2021saltlakecity","Premier","Round of 16","Big Al’s and Lil Con’s Great Adventure","Floppy pandas","Alex Goates","Connor Winters","Christian Bennett","Conner Prelich",21,17
"2021saltlakecity","Premier","Round of 16","Big Al’s and Lil Con’s Great Adventure","Floppy pandas","Alex Goates","Connor Winters","Christian Bennett","Conner Prelich",21,19
"2021saltlakecity","Premier","Round of 16","Saint and Slade","Da Boy's Bois","Ryan St. Denis","Slade Warner","Warner Curtis","AJ Hutchinson",21,10
"2021saltlakecity","Premier","Round of 16","Saint and Slade","Da Boy's Bois","Ryan St. Denis","Slade Warner","Warner Curtis","AJ Hutchinson",21,15
"2021saltlakecity","Premier","Round of 16","Nalgas Grandes","Ocean Daddies","Solomon Berry","Zack Duffy","Josh Wheadon","Kamden Hundersmarck",1,0
"2021saltlakecity","Premier","Round of 16","Nalgas Grandes","Ocean Daddies","Solomon Berry","Zack Duffy","Josh Wheadon","Kamden Hundersmarck",1,0
"2021saltlakecity","Premier","Quarter-finals","Lee and Mushi","Sports and Trevor","Austin Rawlings","Jacob Payer","Trevor Barbosa","Jackson Brasfield",21,14
"2021saltlakecity","Premier","Quarter-finals","Lee and Mushi","Sports and Trevor","Austin Rawlings","Jacob Payer","Trevor Barbosa","Jackson Brasfield",21,19
"2021saltlakecity","Premier","Quarter-finals","DO is Trash","Texas Sucks","Luke Marshall","Michael Hsu","Andrew Kosche","Dean Wasil",16,21
"2021saltlakecity","Premier","Quarter-finals","DO is Trash","Texas Sucks","Luke Marshall","Michael Hsu","Andrew Kosche","Dean Wasil",22,20
"2021saltlakecity","Premier","Quarter-finals","DO is Trash","Texas Sucks","Luke Marshall","Michael Hsu","Andrew Kosche","Dean Wasil",21,17
"2021saltlakecity","Premier","Quarter-finals","Thirty-Two","Big Al’s and Lil Con’s Great Adventure","Matt Ortlip","Ryan Oswalt","Alex Goates","Connor Winters",1,0
"2021saltlakecity","Premier","Quarter-finals","Thirty-Two","Big Al’s and Lil Con’s Great Adventure","Matt Ortlip","Ryan Oswalt","Alex Goates","Connor Winters",1,0
"2021saltlakecity","Premier","Quarter-finals","Saint and Slade","Nalgas Grandes","Ryan St. Denis","Slade Warner","Solomon Berry","Zack Duffy",18,21
"2021saltlakecity","Premier","Quarter-finals","Saint and Slade","Nalgas Grandes","Ryan St. Denis","Slade Warner","Solomon Berry","Zack Duffy",21,15
"2021saltlakecity","Premier","Quarter-finals","Saint and Slade","Nalgas Grandes","Ryan St. Denis","Slade Warner","Solomon Berry","Zack Duffy",15,21
"2021saltlakecity","Premier","Semi-finals","Lee and Mushi","DO is Trash","Austin Rawlings","Jacob Payer","Luke Marshall","Michael Hsu",21,15
"2021saltlakecity","Premier","Semi-finals","Lee and Mushi","DO is Trash","Austin Rawlings","Jacob Payer","Luke Marshall","Michael Hsu",21,14
"2021saltlakecity","Premier","Semi-finals","Thirty-Two","Nalgas Grandes","Matt Ortlip","Ryan Oswalt","Solomon Berry","Zack Duffy",21,12
"2021saltlakecity","Premier","Semi-finals","Thirty-Two","Nalgas Grandes","Matt Ortlip","Ryan Oswalt","Solomon Berry","Zack Duffy",23,21
"2021saltlakecity","Premier","1st place","Lee and Mushi","Thirty-Two","Austin Rawlings","Jacob Payer","Matt Ortlip","Ryan Oswalt",16,21
"2021saltlakecity","Premier","1st place","Lee and Mushi","Thirty-Two","Austin Rawlings","Jacob Payer","Matt Ortlip","Ryan Oswalt",14,21
"2021saltlakecity","Premier","3rd place","Nalgas Grandes","DO is Trash","Solomon Berry","Zack Duffy","Luke Marshall","Michael Hsu",19,21
"2021saltlakecity","Premier","3rd place","Nalgas Grandes","DO is Trash","Solomon Berry","Zack Duffy","Luke Marshall","Michael Hsu",21,0
"2021saltlakecity","Premier","3rd place","Nalgas Grandes","DO is Trash","Solomon Berry","Zack Duffy","Luke Marshall","Michael Hsu",21,0
"2021saltlakecity","Premier","P5: Semi-finals","Texas Sucks","Sports and Trevor","Andrew Kosche","Dean Wasil","Trevor Barbosa","Jackson Brasfield",NA,NA
"2021saltlakecity","Premier","P5: Semi-finals","Texas Sucks","Sports and Trevor","Andrew Kosche","Dean Wasil","Trevor Barbosa","Jackson Brasfield",NA,NA
"2021saltlakecity","Premier","P5: Semi-finals","Texas Sucks","Sports and Trevor","Andrew Kosche","Dean Wasil","Trevor Barbosa","Jackson Brasfield",NA,NA
"2021saltlakecity","Premier","P5: Semi-finals","Saint and Slade","Big Al’s and Lil Con’s Great Adventure","Ryan St. Denis","Slade Warner","Alex Goates","Connor Winters",NA,NA
"2021saltlakecity","Premier","P5: Semi-finals","Saint and Slade","Big Al’s and Lil Con’s Great Adventure","Ryan St. Denis","Slade Warner","Alex Goates","Connor Winters",NA,NA
"2021saltlakecity","Premier","P5: Semi-finals","Saint and Slade","Big Al’s and Lil Con’s Great Adventure","Ryan St. Denis","Slade Warner","Alex Goates","Connor Winters",NA,NA
"2021saltlakecity","Premier","P9: Quarter-finals","Left on “Read”<U+0001F620><U+2639><U+FE0F><U+0001F915>","Hot Jam","Bryce Young","Matt Murray","Andrew Stevens","Dylan Bricker",NA,NA
"2021saltlakecity","Premier","P9: Quarter-finals","Left on “Read”<U+0001F620><U+2639><U+FE0F><U+0001F915>","Hot Jam","Bryce Young","Matt Murray","Andrew Stevens","Dylan Bricker",NA,NA
"2021saltlakecity","Premier","P9: Quarter-finals","Left on “Read”<U+0001F620><U+2639><U+FE0F><U+0001F915>","Hot Jam","Bryce Young","Matt Murray","Andrew Stevens","Dylan Bricker",NA,NA
"2021saltlakecity","Premier","P9: Quarter-finals","Ocean Daddies","Da Boy's Bois","Josh Wheadon","Kamden Hundersmarck","Warner Curtis","AJ Hutchinson",NA,NA
"2021saltlakecity","Premier","P9: Quarter-finals","Ocean Daddies","Da Boy's Bois","Josh Wheadon","Kamden Hundersmarck","Warner Curtis","AJ Hutchinson",NA,NA
"2021saltlakecity","Premier","P9: Quarter-finals","Ocean Daddies","Da Boy's Bois","Josh Wheadon","Kamden Hundersmarck","Warner Curtis","AJ Hutchinson",NA,NA
"2021saltlakecity","Contender","Round of 32","Key to the Realm","FETCH EVERYONE","Keyan McLaughlin","Holden Cave","Remi Prince","Daniel Feller",0,1
"2021saltlakecity","Contender","Round of 32","Key to the Realm","FETCH EVERYONE","Keyan McLaughlin","Holden Cave","Remi Prince","Daniel Feller",0,1
"2021saltlakecity","Contender","Round of 32","Treymango","Spikedelic","Trey Thompson","Alex Tamang","Justin Anderson","Braydon Cumming",1,0
"2021saltlakecity","Contender","Round of 32","Treymango","Spikedelic","Trey Thompson","Alex Tamang","Justin Anderson","Braydon Cumming",1,0
"2021saltlakecity","Contender","Round of 32","Sanford’s Children","Got Milk?","Jaxon Rich","Kannon Forbush","Trevor Zaleski","Cade Laughlin",0,1
"2021saltlakecity","Contender","Round of 32","Sanford’s Children","Got Milk?","Jaxon Rich","Kannon Forbush","Trevor Zaleski","Cade Laughlin",1,0
"2021saltlakecity","Contender","Round of 32","Sanford’s Children","Got Milk?","Jaxon Rich","Kannon Forbush","Trevor Zaleski","Cade Laughlin",1,0
"2021saltlakecity","Contender","Round of 32","Blinngo Ball Indulgence","J-squared spike","Nate Ellis","Bryan Fuss","John Hickmott","Jake Foutz",21,18
"2021saltlakecity","Contender","Round of 32","Blinngo Ball Indulgence","J-squared spike","Nate Ellis","Bryan Fuss","John Hickmott","Jake Foutz",17,21
"2021saltlakecity","Contender","Round of 32","Blinngo Ball Indulgence","J-squared spike","Nate Ellis","Bryan Fuss","John Hickmott","Jake Foutz",15,9
"2021saltlakecity","Contender","Round of 32","CVS","Disciples of Newt","Benjamin Bliss","Derek Bonney","Reilly Blakeslee","Logan Blakeslee",21,4
"2021saltlakecity","Contender","Round of 32","CVS","Disciples of Newt","Benjamin Bliss","Derek Bonney","Reilly Blakeslee","Logan Blakeslee",21,9
"2021saltlakecity","Contender","Round of 32","Straddeck/Strong","What's Quakin?!","Spencer Straddeck","Zeke Strong","Wayde Hall","Sean Bjork",21,13
"2021saltlakecity","Contender","Round of 32","Straddeck/Strong","What's Quakin?!","Spencer Straddeck","Zeke Strong","Wayde Hall","Sean Bjork",22,20
"2021saltlakecity","Contender","Round of 32","Dirty Spanks","Finna Dab","Kaleb Wagner","Talor Garrison","Tal Rogers","Lincoln Hertzler",21,15
"2021saltlakecity","Contender","Round of 32","Dirty Spanks","Finna Dab","Kaleb Wagner","Talor Garrison","Tal Rogers","Lincoln Hertzler",17,21
"2021saltlakecity","Contender","Round of 32","Dirty Spanks","Finna Dab","Kaleb Wagner","Talor Garrison","Tal Rogers","Lincoln Hertzler",15,10
"2021saltlakecity","Contender","Round of 32","Spikeball Thieves","Orange Chicken","Garrett Carver","Dallin Zibetti","Brennen Brumm","Sterling Young",21,15
"2021saltlakecity","Contender","Round of 32","Spikeball Thieves","Orange Chicken","Garrett Carver","Dallin Zibetti","Brennen Brumm","Sterling Young",21,18
"2021saltlakecity","Contender","Round of 32","Amateur Hour","Dropper Gangers","Caleb Wong","Ethan Zehr","Brian Hansen","Dylan LeBaron",21,13
"2021saltlakecity","Contender","Round of 32","Amateur Hour","Dropper Gangers","Caleb Wong","Ethan Zehr","Brian Hansen","Dylan LeBaron",21,19
"2021saltlakecity","Contender","Round of 32","Headassery","Coast to Coast","Dennis Wei","Josh Hutko (Partchfield)","Noah Vasington","Justin Rasmussen",21,23
"2021saltlakecity","Contender","Round of 32","Headassery","Coast to Coast","Dennis Wei","Josh Hutko (Partchfield)","Noah Vasington","Justin Rasmussen",21,14
"2021saltlakecity","Contender","Round of 32","Headassery","Coast to Coast","Dennis Wei","Josh Hutko (Partchfield)","Noah Vasington","Justin Rasmussen",15,12
"2021saltlakecity","Contender","Round of 32","Kool aid Kids","Spikin Chiclets","Camden Sandberg","Benson Goates","Lindros Beard","Mo Beard",21,18
"2021saltlakecity","Contender","Round of 32","Kool aid Kids","Spikin Chiclets","Camden Sandberg","Benson Goates","Lindros Beard","Mo Beard",21,15
"2021saltlakecity","Contender","Round of 32","Low Expectations","Empire Spikes Back","Jack Selby","Dylan Medveal","Cody Brower","Max Spence",21,19
"2021saltlakecity","Contender","Round of 32","Low Expectations","Empire Spikes Back","Jack Selby","Dylan Medveal","Cody Brower","Max Spence",21,11
"2021saltlakecity","Contender","Round of 16","Drip Drop","FETCH EVERYONE","Grant Marriott","Jake LeBaron","Remi Prince","Daniel Feller",21,14
"2021saltlakecity","Contender","Round of 16","Drip Drop","FETCH EVERYONE","Grant Marriott","Jake LeBaron","Remi Prince","Daniel Feller",21,15
"2021saltlakecity","Contender","Round of 16","Treymango","Sanford’s Children","Trey Thompson","Alex Tamang","Jaxon Rich","Kannon Forbush",1,0
"2021saltlakecity","Contender","Round of 16","Treymango","Sanford’s Children","Trey Thompson","Alex Tamang","Jaxon Rich","Kannon Forbush",1,0
"2021saltlakecity","Contender","Round of 16","PPM","Blinngo Ball Indulgence","Devin Tuttle","Ashton Smith","Nate Ellis","Bryan Fuss",21,18
"2021saltlakecity","Contender","Round of 16","PPM","Blinngo Ball Indulgence","Devin Tuttle","Ashton Smith","Nate Ellis","Bryan Fuss",21,19
"2021saltlakecity","Contender","Round of 16","CVS","Straddeck/Strong","Benjamin Bliss","Derek Bonney","Spencer Straddeck","Zeke Strong",21,18
"2021saltlakecity","Contender","Round of 16","CVS","Straddeck/Strong","Benjamin Bliss","Derek Bonney","Spencer Straddeck","Zeke Strong",21,14
"2021saltlakecity","Contender","Round of 16","Ball sackers","Dirty Spanks","Brooks Massey","Anthony Clifford","Kaleb Wagner","Talor Garrison",1,0
"2021saltlakecity","Contender","Round of 16","Ball sackers","Dirty Spanks","Brooks Massey","Anthony Clifford","Kaleb Wagner","Talor Garrison",1,0
"2021saltlakecity","Contender","Round of 16","Spikeball Thieves","Amateur Hour","Garrett Carver","Dallin Zibetti","Caleb Wong","Ethan Zehr",19,21
"2021saltlakecity","Contender","Round of 16","Spikeball Thieves","Amateur Hour","Garrett Carver","Dallin Zibetti","Caleb Wong","Ethan Zehr",13,21
"2021saltlakecity","Contender","Round of 16","Wong/(Will) Foote","Headassery","William Foote","Caleb Wong","Dennis Wei","Josh Hutko (Partchfield)",21,17
"2021saltlakecity","Contender","Round of 16","Wong/(Will) Foote","Headassery","William Foote","Caleb Wong","Dennis Wei","Josh Hutko (Partchfield)",21,18
"2021saltlakecity","Contender","Round of 16","Kool aid Kids","Low Expectations","Camden Sandberg","Benson Goates","Jack Selby","Dylan Medveal",1,0
"2021saltlakecity","Contender","Round of 16","Kool aid Kids","Low Expectations","Camden Sandberg","Benson Goates","Jack Selby","Dylan Medveal",1,0
"2021saltlakecity","Contender","Quarter-finals","Drip Drop","Treymango","Grant Marriott","Jake LeBaron","Trey Thompson","Alex Tamang",21,8
"2021saltlakecity","Contender","Quarter-finals","Drip Drop","Treymango","Grant Marriott","Jake LeBaron","Trey Thompson","Alex Tamang",21,13
"2021saltlakecity","Contender","Quarter-finals","PPM","CVS","Devin Tuttle","Ashton Smith","Benjamin Bliss","Derek Bonney",21,17
"2021saltlakecity","Contender","Quarter-finals","PPM","CVS","Devin Tuttle","Ashton Smith","Benjamin Bliss","Derek Bonney",21,16
"2021saltlakecity","Contender","Quarter-finals","Ball sackers","Amateur Hour","Brooks Massey","Anthony Clifford","Caleb Wong","Ethan Zehr",19,21
"2021saltlakecity","Contender","Quarter-finals","Ball sackers","Amateur Hour","Brooks Massey","Anthony Clifford","Caleb Wong","Ethan Zehr",21,13
"2021saltlakecity","Contender","Quarter-finals","Ball sackers","Amateur Hour","Brooks Massey","Anthony Clifford","Caleb Wong","Ethan Zehr",19,21
"2021saltlakecity","Contender","Quarter-finals","Wong/(Will) Foote","Kool aid Kids","William Foote","Caleb Wong","Camden Sandberg","Benson Goates",20,22
"2021saltlakecity","Contender","Quarter-finals","Wong/(Will) Foote","Kool aid Kids","William Foote","Caleb Wong","Camden Sandberg","Benson Goates",21,12
"2021saltlakecity","Contender","Quarter-finals","Wong/(Will) Foote","Kool aid Kids","William Foote","Caleb Wong","Camden Sandberg","Benson Goates",21,17
"2021saltlakecity","Contender","Semi-finals","Drip Drop","PPM","Grant Marriott","Jake LeBaron","Devin Tuttle","Ashton Smith",1,0
"2021saltlakecity","Contender","Semi-finals","Drip Drop","PPM","Grant Marriott","Jake LeBaron","Devin Tuttle","Ashton Smith",1,0
"2021saltlakecity","Contender","Semi-finals","Amateur Hour","Wong/(Will) Foote","Caleb Wong","Ethan Zehr","William Foote","Caleb Wong",21,16
"2021saltlakecity","Contender","Semi-finals","Amateur Hour","Wong/(Will) Foote","Caleb Wong","Ethan Zehr","William Foote","Caleb Wong",21,18
"2021saltlakecity","Contender","1st place","Drip Drop","Amateur Hour","Grant Marriott","Jake LeBaron","Caleb Wong","Ethan Zehr",21,15
"2021saltlakecity","Contender","1st place","Drip Drop","Amateur Hour","Grant Marriott","Jake LeBaron","Caleb Wong","Ethan Zehr",21,13
"2021saltlakecity","Contender","3rd place","Wong/(Will) Foote","PPM","William Foote","Caleb Wong","Devin Tuttle","Ashton Smith",1,0
"2021saltlakecity","Contender","3rd place","Wong/(Will) Foote","PPM","William Foote","Caleb Wong","Devin Tuttle","Ashton Smith",1,0
"2021saltlakecity","Contender","P5: Semi-finals","CVS","Treymango","Benjamin Bliss","Derek Bonney","Trey Thompson","Alex Tamang",14,21
"2021saltlakecity","Contender","P5: Semi-finals","CVS","Treymango","Benjamin Bliss","Derek Bonney","Trey Thompson","Alex Tamang",0,1
"2021saltlakecity","Contender","P5: Semi-finals","Kool aid Kids","Ball sackers","Camden Sandberg","Benson Goates","Brooks Massey","Anthony Clifford",1,0
"2021saltlakecity","Contender","P5: Semi-finals","Kool aid Kids","Ball sackers","Camden Sandberg","Benson Goates","Brooks Massey","Anthony Clifford",1,0
"2021saltlakecity","Contender","5th place","Treymango","Kool aid Kids","Trey Thompson","Alex Tamang","Camden Sandberg","Benson Goates",1,0
"2021saltlakecity","Contender","5th place","Treymango","Kool aid Kids","Trey Thompson","Alex Tamang","Camden Sandberg","Benson Goates",1,0
"2021saltlakecity","Contender","7th place","Ball sackers","CVS","Brooks Massey","Anthony Clifford","Benjamin Bliss","Derek Bonney",0,1
"2021saltlakecity","Contender","7th place","Ball sackers","CVS","Brooks Massey","Anthony Clifford","Benjamin Bliss","Derek Bonney",0,1
"2021saltlakecity","Contender","P9: Quarter-finals","Sanford’s Children","FETCH EVERYONE","Jaxon Rich","Kannon Forbush","Remi Prince","Daniel Feller",1,0
"2021saltlakecity","Contender","P9: Quarter-finals","Sanford’s Children","FETCH EVERYONE","Jaxon Rich","Kannon Forbush","Remi Prince","Daniel Feller",1,0
"2021saltlakecity","Contender","P9: Quarter-finals","Straddeck/Strong","Blinngo Ball Indulgence","Spencer Straddeck","Zeke Strong","Nate Ellis","Bryan Fuss",1,0
"2021saltlakecity","Contender","P9: Quarter-finals","Straddeck/Strong","Blinngo Ball Indulgence","Spencer Straddeck","Zeke Strong","Nate Ellis","Bryan Fuss",1,0
"2021saltlakecity","Contender","P9: Quarter-finals","Spikeball Thieves","Dirty Spanks","Garrett Carver","Dallin Zibetti","Kaleb Wagner","Talor Garrison",1,0
"2021saltlakecity","Contender","P9: Quarter-finals","Spikeball Thieves","Dirty Spanks","Garrett Carver","Dallin Zibetti","Kaleb Wagner","Talor Garrison",0,1
"2021saltlakecity","Contender","P9: Quarter-finals","Spikeball Thieves","Dirty Spanks","Garrett Carver","Dallin Zibetti","Kaleb Wagner","Talor Garrison",0,1
"2021saltlakecity","Contender","P9: Quarter-finals","Low Expectations","Headassery","Jack Selby","Dylan Medveal","Dennis Wei","Josh Hutko (Partchfield)",13,15
"2021saltlakecity","Contender","P9: Quarter-finals","Low Expectations","Headassery","Jack Selby","Dylan Medveal","Dennis Wei","Josh Hutko (Partchfield)",12,15
"2021saltlakecity","Contender","P9: Semi-finals","Sanford’s Children","Straddeck/Strong","Jaxon Rich","Kannon Forbush","Spencer Straddeck","Zeke Strong",1,0
"2021saltlakecity","Contender","P9: Semi-finals","Sanford’s Children","Straddeck/Strong","Jaxon Rich","Kannon Forbush","Spencer Straddeck","Zeke Strong",1,0
"2021saltlakecity","Contender","P9: Semi-finals","Dirty Spanks","Headassery","Kaleb Wagner","Talor Garrison","Dennis Wei","Josh Hutko (Partchfield)",1,0
"2021saltlakecity","Contender","P9: Semi-finals","Dirty Spanks","Headassery","Kaleb Wagner","Talor Garrison","Dennis Wei","Josh Hutko (Partchfield)",1,0
"2021saltlakecity","Contender","9th place","Sanford’s Children","Dirty Spanks","Jaxon Rich","Kannon Forbush","Kaleb Wagner","Talor Garrison",0,1
"2021saltlakecity","Contender","9th place","Sanford’s Children","Dirty Spanks","Jaxon Rich","Kannon Forbush","Kaleb Wagner","Talor Garrison",0,1
"2021saltlakecity","Contender","11th place","Headassery","Straddeck/Strong","Dennis Wei","Josh Hutko (Partchfield)","Spencer Straddeck","Zeke Strong",0,1
"2021saltlakecity","Contender","11th place","Headassery","Straddeck/Strong","Dennis Wei","Josh Hutko (Partchfield)","Spencer Straddeck","Zeke Strong",0,1
"2021saltlakecity","Contender","P13: Semi-finals","Blinngo Ball Indulgence","FETCH EVERYONE","Nate Ellis","Bryan Fuss","Remi Prince","Daniel Feller",NA,NA
"2021saltlakecity","Contender","P13: Semi-finals","Blinngo Ball Indulgence","FETCH EVERYONE","Nate Ellis","Bryan Fuss","Remi Prince","Daniel Feller",NA,NA
"2021saltlakecity","Contender","P13: Semi-finals","Blinngo Ball Indulgence","FETCH EVERYONE","Nate Ellis","Bryan Fuss","Remi Prince","Daniel Feller",NA,NA
"2021saltlakecity","Contender","P13: Semi-finals","Low Expectations","Spikeball Thieves","Jack Selby","Dylan Medveal","Garrett Carver","Dallin Zibetti",NA,NA
"2021saltlakecity","Contender","P13: Semi-finals","Low Expectations","Spikeball Thieves","Jack Selby","Dylan Medveal","Garrett Carver","Dallin Zibetti",NA,NA
"2021saltlakecity","Contender","P13: Semi-finals","Low Expectations","Spikeball Thieves","Jack Selby","Dylan Medveal","Garrett Carver","Dallin Zibetti",NA,NA
"2021saltlakecity","Contender","P17: Round of 16","Got Milk?","Spikedelic","Trevor Zaleski","Cade Laughlin","Justin Anderson","Braydon Cumming",1,0
"2021saltlakecity","Contender","P17: Round of 16","Got Milk?","Spikedelic","Trevor Zaleski","Cade Laughlin","Justin Anderson","Braydon Cumming",1,0
"2021saltlakecity","Contender","P17: Round of 16","What's Quakin?!","Disciples of Newt","Wayde Hall","Sean Bjork","Reilly Blakeslee","Logan Blakeslee",21,15
"2021saltlakecity","Contender","P17: Round of 16","What's Quakin?!","Disciples of Newt","Wayde Hall","Sean Bjork","Reilly Blakeslee","Logan Blakeslee",21,17
"2021saltlakecity","Contender","P17: Round of 16","Dropper Gangers","Orange Chicken","Brian Hansen","Dylan LeBaron","Brennen Brumm","Sterling Young",21,10
"2021saltlakecity","Contender","P17: Round of 16","Dropper Gangers","Orange Chicken","Brian Hansen","Dylan LeBaron","Brennen Brumm","Sterling Young",25,23
"2021saltlakecity","Contender","P17: Round of 16","Empire Spikes Back","Spikin Chiclets","Cody Brower","Max Spence","Lindros Beard","Mo Beard",21,14
"2021saltlakecity","Contender","P17: Round of 16","Empire Spikes Back","Spikin Chiclets","Cody Brower","Max Spence","Lindros Beard","Mo Beard",21,19
"2021saltlakecity","Contender","P17: Quarter-finals","Key to the Realm","Got Milk?","Keyan McLaughlin","Holden Cave","Trevor Zaleski","Cade Laughlin",0,1
"2021saltlakecity","Contender","P17: Quarter-finals","Key to the Realm","Got Milk?","Keyan McLaughlin","Holden Cave","Trevor Zaleski","Cade Laughlin",0,1
"2021saltlakecity","Contender","P17: Quarter-finals","J-squared spike","What's Quakin?!","John Hickmott","Jake Foutz","Wayde Hall","Sean Bjork",0,1
"2021saltlakecity","Contender","P17: Quarter-finals","J-squared spike","What's Quakin?!","John Hickmott","Jake Foutz","Wayde Hall","Sean Bjork",0,1
"2021saltlakecity","Contender","P17: Quarter-finals","Finna Dab","Dropper Gangers","Tal Rogers","Lincoln Hertzler","Brian Hansen","Dylan LeBaron",21,19
"2021saltlakecity","Contender","P17: Quarter-finals","Finna Dab","Dropper Gangers","Tal Rogers","Lincoln Hertzler","Brian Hansen","Dylan LeBaron",21,19
"2021saltlakecity","Contender","P17: Quarter-finals","Coast to Coast","Empire Spikes Back","Noah Vasington","Justin Rasmussen","Cody Brower","Max Spence",14,21
"2021saltlakecity","Contender","P17: Quarter-finals","Coast to Coast","Empire Spikes Back","Noah Vasington","Justin Rasmussen","Cody Brower","Max Spence",14,21
"2021saltlakecity","Contender","P17: Semi-finals","Got Milk?","What's Quakin?!","Trevor Zaleski","Cade Laughlin","Wayde Hall","Sean Bjork",0,1
"2021saltlakecity","Contender","P17: Semi-finals","Got Milk?","What's Quakin?!","Trevor Zaleski","Cade Laughlin","Wayde Hall","Sean Bjork",0,1
"2021saltlakecity","Contender","P17: Semi-finals","Finna Dab","Empire Spikes Back","Tal Rogers","Lincoln Hertzler","Cody Brower","Max Spence",16,21
"2021saltlakecity","Contender","P17: Semi-finals","Finna Dab","Empire Spikes Back","Tal Rogers","Lincoln Hertzler","Cody Brower","Max Spence",19,21
"2021saltlakecity","Contender","17th place","What's Quakin?!","Empire Spikes Back","Wayde Hall","Sean Bjork","Cody Brower","Max Spence",21,19
"2021saltlakecity","Contender","17th place","What's Quakin?!","Empire Spikes Back","Wayde Hall","Sean Bjork","Cody Brower","Max Spence",21,19
"2021saltlakecity","Contender","19th place","Finna Dab","Got Milk?","Tal Rogers","Lincoln Hertzler","Trevor Zaleski","Cade Laughlin",NA,NA
"2021saltlakecity","Contender","19th place","Finna Dab","Got Milk?","Tal Rogers","Lincoln Hertzler","Trevor Zaleski","Cade Laughlin",NA,NA
"2021saltlakecity","Contender","19th place","Finna Dab","Got Milk?","Tal Rogers","Lincoln Hertzler","Trevor Zaleski","Cade Laughlin",NA,NA
"2021saltlakecity","Contender","P21: Semi-finals","J-squared spike","Key to the Realm","John Hickmott","Jake Foutz","Keyan McLaughlin","Holden Cave",NA,NA
"2021saltlakecity","Contender","P21: Semi-finals","J-squared spike","Key to the Realm","John Hickmott","Jake Foutz","Keyan McLaughlin","Holden Cave",NA,NA
"2021saltlakecity","Contender","P21: Semi-finals","J-squared spike","Key to the Realm","John Hickmott","Jake Foutz","Keyan McLaughlin","Holden Cave",NA,NA
"2021saltlakecity","Contender","P21: Semi-finals","Coast to Coast","Dropper Gangers","Noah Vasington","Justin Rasmussen","Brian Hansen","Dylan LeBaron",NA,NA
"2021saltlakecity","Contender","P21: Semi-finals","Coast to Coast","Dropper Gangers","Noah Vasington","Justin Rasmussen","Brian Hansen","Dylan LeBaron",NA,NA
"2021saltlakecity","Contender","P21: Semi-finals","Coast to Coast","Dropper Gangers","Noah Vasington","Justin Rasmussen","Brian Hansen","Dylan LeBaron",NA,NA
"2021saltlakecity","Contender","P25: Semi-finals","Spikedelic","Disciples of Newt","Justin Anderson","Braydon Cumming","Reilly Blakeslee","Logan Blakeslee",NA,NA
"2021saltlakecity","Contender","P25: Semi-finals","Spikedelic","Disciples of Newt","Justin Anderson","Braydon Cumming","Reilly Blakeslee","Logan Blakeslee",NA,NA
"2021saltlakecity","Contender","P25: Semi-finals","Spikedelic","Disciples of Newt","Justin Anderson","Braydon Cumming","Reilly Blakeslee","Logan Blakeslee",NA,NA
"2021saltlakecity","Contender","P25: Semi-finals","Orange Chicken","Spikin Chiclets","Brennen Brumm","Sterling Young","Lindros Beard","Mo Beard",NA,NA
"2021saltlakecity","Contender","P25: Semi-finals","Orange Chicken","Spikin Chiclets","Brennen Brumm","Sterling Young","Lindros Beard","Mo Beard",NA,NA
"2021saltlakecity","Contender","P25: Semi-finals","Orange Chicken","Spikin Chiclets","Brennen Brumm","Sterling Young","Lindros Beard","Mo Beard",NA,NA
"2021saltlakecity","Women's","Round of 16","Mr. & Mrs. Buckman","Idahomies","Alex Buckman","Perrin York","Kaitlin Ro","Camille Anderson",19,21
"2021saltlakecity","Women's","Round of 16","Mr. & Mrs. Buckman","Idahomies","Alex Buckman","Perrin York","Kaitlin Ro","Camille Anderson",19,21
"2021saltlakecity","Women's","Round of 16","Your Step Mom","soggy cardboard","Nicol Gahley","Lexi Strong","Aleah Gregory","Haley Cowan",21,10
"2021saltlakecity","Women's","Round of 16","Your Step Mom","soggy cardboard","Nicol Gahley","Lexi Strong","Aleah Gregory","Haley Cowan",21,11
"2021saltlakecity","Women's","Round of 16","Thing","Blood Benders","Mey Helm","Alexi Ness","Nicole Warner","Haylee Hammond",19,21
"2021saltlakecity","Women's","Round of 16","Thing","Blood Benders","Mey Helm","Alexi Ness","Nicole Warner","Haylee Hammond",21,16
"2021saltlakecity","Women's","Round of 16","Thing","Blood Benders","Mey Helm","Alexi Ness","Nicole Warner","Haylee Hammond",12,15
"2021saltlakecity","Women's","Round of 16","Litney","Swing and a Miss","Liza Murray","Whitney Fraire","Kenna Clark","Grace Bruno",21,11
"2021saltlakecity","Women's","Round of 16","Litney","Swing and a Miss","Liza Murray","Whitney Fraire","Kenna Clark","Grace Bruno",21,7
"2021saltlakecity","Women's","Quarter-finals","THUS Parabatai","Idahomies","Kayla Wu","Kalin Miramontes","Kaitlin Ro","Camille Anderson",21,12
"2021saltlakecity","Women's","Quarter-finals","THUS Parabatai","Idahomies","Kayla Wu","Kalin Miramontes","Kaitlin Ro","Camille Anderson",21,9
"2021saltlakecity","Women's","Quarter-finals","Feller/Pierson","Your Step Mom","Kirstie Savage","Katie Pierson","Nicol Gahley","Lexi Strong",1,0
"2021saltlakecity","Women's","Quarter-finals","Feller/Pierson","Your Step Mom","Kirstie Savage","Katie Pierson","Nicol Gahley","Lexi Strong",1,0
"2021saltlakecity","Women's","Quarter-finals","TWINZ","Blood Benders","Ali Jenki","Olivia Jenki","Nicole Warner","Haylee Hammond",21,15
"2021saltlakecity","Women's","Quarter-finals","TWINZ","Blood Benders","Ali Jenki","Olivia Jenki","Nicole Warner","Haylee Hammond",21,11
"2021saltlakecity","Women's","Quarter-finals","Zoomies","Litney","Allie Foster","Karah Hui","Liza Murray","Whitney Fraire",21,18
"2021saltlakecity","Women's","Quarter-finals","Zoomies","Litney","Allie Foster","Karah Hui","Liza Murray","Whitney Fraire",21,13
"2021saltlakecity","Women's","Quarter-finals","Zoomies","Litney","Allie Foster","Karah Hui","Liza Murray","Whitney Fraire",1,0
"2021saltlakecity","Women's","Semi-finals","THUS Parabatai","Feller/Pierson","Kayla Wu","Kalin Miramontes","Kirstie Savage","Katie Pierson",21,17
"2021saltlakecity","Women's","Semi-finals","THUS Parabatai","Feller/Pierson","Kayla Wu","Kalin Miramontes","Kirstie Savage","Katie Pierson",21,14
"2021saltlakecity","Women's","Semi-finals","TWINZ","Zoomies","Ali Jenki","Olivia Jenki","Allie Foster","Karah Hui",10,0
"2021saltlakecity","Women's","Semi-finals","TWINZ","Zoomies","Ali Jenki","Olivia Jenki","Allie Foster","Karah Hui",1,0
"2021saltlakecity","Women's","1st place","THUS Parabatai","TWINZ","Kayla Wu","Kalin Miramontes","Ali Jenki","Olivia Jenki",0,1
"2021saltlakecity","Women's","1st place","THUS Parabatai","TWINZ","Kayla Wu","Kalin Miramontes","Ali Jenki","Olivia Jenki",0,1
"2021saltlakecity","Women's","3rd place","Zoomies","Feller/Pierson","Allie Foster","Karah Hui","Kirstie Savage","Katie Pierson",1,0
"2021saltlakecity","Women's","3rd place","Zoomies","Feller/Pierson","Allie Foster","Karah Hui","Kirstie Savage","Katie Pierson",1,0
"2021saltlakecity","Women's","P5: Semi-finals","Your Step Mom","Idahomies","Nicol Gahley","Lexi Strong","Kaitlin Ro","Camille Anderson",0,1
"2021saltlakecity","Women's","P5: Semi-finals","Your Step Mom","Idahomies","Nicol Gahley","Lexi Strong","Kaitlin Ro","Camille Anderson",0,1
"2021saltlakecity","Women's","P5: Semi-finals","Litney","Blood Benders","Liza Murray","Whitney Fraire","Nicole Warner","Haylee Hammond",1,0
"2021saltlakecity","Women's","P5: Semi-finals","Litney","Blood Benders","Liza Murray","Whitney Fraire","Nicole Warner","Haylee Hammond",1,0
"2021saltlakecity","Women's","5th place","Idahomies","Litney","Kaitlin Ro","Camille Anderson","Liza Murray","Whitney Fraire",NA,NA
"2021saltlakecity","Women's","5th place","Idahomies","Litney","Kaitlin Ro","Camille Anderson","Liza Murray","Whitney Fraire",NA,NA
"2021saltlakecity","Women's","5th place","Idahomies","Litney","Kaitlin Ro","Camille Anderson","Liza Murray","Whitney Fraire",NA,NA
"2021saltlakecity","Women's","7th place","Blood Benders","Your Step Mom","Nicole Warner","Haylee Hammond","Nicol Gahley","Lexi Strong",0,1
"2021saltlakecity","Women's","7th place","Blood Benders","Your Step Mom","Nicole Warner","Haylee Hammond","Nicol Gahley","Lexi Strong",0,1
"2021saltlakecity","Women's","P9: Semi-finals","Mr. & Mrs. Buckman","soggy cardboard","Alex Buckman","Perrin York","Aleah Gregory","Haley Cowan",24,22
"2021saltlakecity","Women's","P9: Semi-finals","Mr. & Mrs. Buckman","soggy cardboard","Alex Buckman","Perrin York","Aleah Gregory","Haley Cowan",21,15
"2021saltlakecity","Women's","P9: Semi-finals","Thing","Swing and a Miss","Mey Helm","Alexi Ness","Kenna Clark","Grace Bruno",21,10
"2021saltlakecity","Women's","P9: Semi-finals","Thing","Swing and a Miss","Mey Helm","Alexi Ness","Kenna Clark","Grace Bruno",21,16
"2021saltlakecity","Women's","9th place","Mr. & Mrs. Buckman","Thing","Alex Buckman","Perrin York","Mey Helm","Alexi Ness",15,10
"2021saltlakecity","Women's","9th place","Mr. & Mrs. Buckman","Thing","Alex Buckman","Perrin York","Mey Helm","Alexi Ness",15,7
"2021saltlakecity","Women's","11th place","Swing and a Miss","soggy cardboard","Kenna Clark","Grace Bruno","Aleah Gregory","Haley Cowan",0,1
"2021saltlakecity","Women's","11th place","Swing and a Miss","soggy cardboard","Kenna Clark","Grace Bruno","Aleah Gregory","Haley Cowan",0,1
"2021saltlakecity","Advanced","Round of 16","Net Results","Jokers","Preston Haight","Austin Reid","Jake Martha","Dylan Cloninger",1,0
"2021saltlakecity","Advanced","Round of 16","Threat Level Midnight","Three Good Arms","Joseph Barron","Brady Price","Jon Jacobs","Camren Harris",1,0
"2021saltlakecity","Advanced","Round of 16","That’s embarrassing","Silver Storm","Teagon Harris","Adam Calder","Jonnie Hadfield","Daniel Wight",2,1
"2021saltlakecity","Advanced","Round of 16","Still Got It","Victorious Secret","Bunna Veth","Bradley Smith","isaac wellborn","Jaren Haggard",1,0
"2021saltlakecity","Advanced","Round of 16","Dallin Sucks Roundnet","Soul Spikers","Jesse Vega","Harold Mancia","Nick Buehner","Rachel Buehner",1,0
"2021saltlakecity","Advanced","Round of 16","Hoagie Fest","Burnt Rubber","David Lehmann","Mac Schailey","Ian Williams","Markus Stevenson",0,1
"2021saltlakecity","Advanced","Round of 16","Pocket Prodigies","Jo-Cade-ing me","Daniel McNair","Austin Roeda","Jonathan Scheelke","Cade Cote",1,0
"2021saltlakecity","Advanced","Quarter-finals","Salted Freis","Net Results","Jake Frei","Mitch Frei","Preston Haight","Austin Reid",1,0
"2021saltlakecity","Advanced","Quarter-finals","Threat Level Midnight","That’s embarrassing","Joseph Barron","Brady Price","Teagon Harris","Adam Calder",0,1
"2021saltlakecity","Advanced","Quarter-finals","Still Got It","Dallin Sucks Roundnet","Bunna Veth","Bradley Smith","Jesse Vega","Harold Mancia",0,1
"2021saltlakecity","Advanced","Quarter-finals","Burnt Rubber","Pocket Prodigies","Ian Williams","Markus Stevenson","Daniel McNair","Austin Roeda",0,1
"2021saltlakecity","Advanced","Semi-finals","Salted Freis","That’s embarrassing","Jake Frei","Mitch Frei","Teagon Harris","Adam Calder",1,0
"2021saltlakecity","Advanced","Semi-finals","Dallin Sucks Roundnet","Pocket Prodigies","Jesse Vega","Harold Mancia","Daniel McNair","Austin Roeda",0,1
"2021saltlakecity","Advanced","1st place","Salted Freis","Pocket Prodigies","Jake Frei","Mitch Frei","Daniel McNair","Austin Roeda",1,0
"2021saltlakecity","Advanced","3rd place","Dallin Sucks Roundnet","That’s embarrassing","Jesse Vega","Harold Mancia","Teagon Harris","Adam Calder",0,1
"2021saltlakecity","Advanced","P5: Semi-finals","Threat Level Midnight","Net Results","Joseph Barron","Brady Price","Preston Haight","Austin Reid",1,0
"2021saltlakecity","Advanced","P5: Semi-finals","Burnt Rubber","Still Got It","Ian Williams","Markus Stevenson","Bunna Veth","Bradley Smith",0,1
"2021saltlakecity","Advanced","5th place","Threat Level Midnight","Still Got It","Joseph Barron","Brady Price","Bunna Veth","Bradley Smith",0,1
"2021saltlakecity","Advanced","7th place","Burnt Rubber","Net Results","Ian Williams","Markus Stevenson","Preston Haight","Austin Reid",0,1
"2021saltlakecity","Advanced","P9: Quarter-finals","Silver Storm","Three Good Arms","Jonnie Hadfield","Daniel Wight","Jon Jacobs","Camren Harris",2,1
"2021saltlakecity","Advanced","P9: Quarter-finals","Soul Spikers","Victorious Secret","Nick Buehner","Rachel Buehner","isaac wellborn","Jaren Haggard",1,0
"2021saltlakecity","Advanced","P9: Quarter-finals","Jo-Cade-ing me","Hoagie Fest","Jonathan Scheelke","Cade Cote","David Lehmann","Mac Schailey",0,1
"2021saltlakecity","Advanced","P9: Semi-finals","Jokers","Silver Storm","Jake Martha","Dylan Cloninger","Jonnie Hadfield","Daniel Wight",1,0
"2021saltlakecity","Advanced","P9: Semi-finals","Soul Spikers","Hoagie Fest","Nick Buehner","Rachel Buehner","David Lehmann","Mac Schailey",1,0
"2021saltlakecity","Advanced","9th place","Jokers","Soul Spikers","Jake Martha","Dylan Cloninger","Nick Buehner","Rachel Buehner",1,0
"2021saltlakecity","Advanced","11th place","Hoagie Fest","Silver Storm","David Lehmann","Mac Schailey","Jonnie Hadfield","Daniel Wight",0,1
"2021saltlakecity","Advanced","P13: Semi-finals","Jo-Cade-ing me","Victorious Secret","Jonathan Scheelke","Cade Cote","isaac wellborn","Jaren Haggard",0,1
"2021saltlakecity","Advanced","13th place","Three Good Arms","Victorious Secret","Jon Jacobs","Camren Harris","isaac wellborn","Jaren Haggard",0,1
